row_id,predicted_trips
TEST-00001,44.47
TEST-00002,87.57
TEST-00003,30.09
TEST-00004,103.03
TEST-00005,20.75
TEST-00006,22.34
TEST-00007,12.28
TEST-00008,66.79
TEST-00009,49.56
TEST-00010,58.27
TEST-00011,17.43
TEST-00012,5.52
TEST-00013,41.32
TEST-00014,6.54
TEST-00015,43.31
TEST-00016,21.95
TEST-00017,40.52
TEST-00018,20.04
TEST-00019,104.19
TEST-00020,55.64
TEST-00021,17.36
TEST-00022,24.03
TEST-00023,87.7
TEST-00024,5.97
TEST-00025,44.1
TEST-00026,33.16
TEST-00027,13.31
TEST-00028,7.43
TEST-00029,19.16
TEST-00030,15.33
TEST-00031,6.14
TEST-00032,80.78
TEST-00033,23.77
TEST-00034,27.36
TEST-00035,56.17
TEST-00036,36.95
TEST-00037,60.1
TEST-00038,37.21
TEST-00039,32.84
TEST-00040,23.13
TEST-00041,15.33
TEST-00042,17.45
TEST-00043,14.24
TEST-00044,19.77
TEST-00045,40.52
TEST-00046,5.8
TEST-00047,118.47
TEST-00048,31.93
TEST-00049,14.71
TEST-00050,55.04
TEST-00051,54.6
TEST-00052,8.52
TEST-00053,29.97
TEST-00054,34.31
TEST-00055,72.62
TEST-00056,39.86
TEST-00057,48.04
TEST-00058,72.54
TEST-00059,108.88
TEST-00060,31.21
TEST-00061,44.48
TEST-00062,19.33
TEST-00063,4.58
TEST-00064,10.17
TEST-00065,43.09
TEST-00066,77.94
TEST-00067,11.06
TEST-00068,25.64
TEST-00069,33.61
TEST-00070,26.95
TEST-00071,50.05
TEST-00072,50.38
TEST-00073,35.3
TEST-00074,32.4
TEST-00075,130.77
TEST-00076,44.08
TEST-00077,29.6
TEST-00078,7.3
TEST-00079,20.01
TEST-00080,11.44
TEST-00081,4.22
TEST-00082,18.91
TEST-00083,21.67
TEST-00084,33.06
TEST-00085,26.16
TEST-00086,38.67
TEST-00087,9.46
TEST-00088,31.34
TEST-00089,36.84
TEST-00090,41.37
TEST-00091,14.63
TEST-00092,30.06
TEST-00093,12.75
TEST-00094,38.61
TEST-00095,15.34
TEST-00096,113.1
TEST-00097,34.56
TEST-00098,5.96
TEST-00099,22.89
TEST-00100,2.1
TEST-00101,21.09
TEST-00102,53.63
TEST-00103,22.17
TEST-00104,54.04
TEST-00105,42.87
TEST-00106,62.6
TEST-00107,42.07
TEST-00108,41.37
TEST-00109,43.03
TEST-00110,38.48
TEST-00111,20.28
TEST-00112,30.69
TEST-00113,10.0
TEST-00114,49.16
TEST-00115,4.5
TEST-00116,71.52
TEST-00117,22.0
TEST-00118,36.37
TEST-00119,27.71
TEST-00120,99.99
TEST-00121,29.07
TEST-00122,27.26
TEST-00123,31.05
TEST-00124,70.4
TEST-00125,17.49
TEST-00126,5.34
TEST-00127,25.31
TEST-00128,81.61
TEST-00129,19.31
TEST-00130,7.08
TEST-00131,53.0
TEST-00132,3.13
TEST-00133,3.64
TEST-00134,52.96
TEST-00135,32.77
TEST-00136,50.64
TEST-00137,34.94
TEST-00138,22.29
TEST-00139,25.74
TEST-00140,17.51
TEST-00141,4.37
TEST-00142,5.22
TEST-00143,20.18
TEST-00144,55.22
TEST-00145,35.42
TEST-00146,15.14
TEST-00147,21.04
TEST-00148,8.74
TEST-00149,6.29
TEST-00150,45.18
TEST-00151,2.53
TEST-00152,13.02
TEST-00153,42.2
TEST-00154,15.98
TEST-00155,20.5
TEST-00156,86.28
TEST-00157,20.41
TEST-00158,4.48
TEST-00159,22.32
TEST-00160,17.11
TEST-00161,71.98
TEST-00162,36.81
TEST-00163,108.82
TEST-00164,35.44
TEST-00165,3.86
TEST-00166,28.63
TEST-00167,9.39
TEST-00168,60.22
TEST-00169,6.1
TEST-00170,5.62
TEST-00171,29.02
TEST-00172,40.49
TEST-00173,7.57
TEST-00174,43.67
TEST-00175,46.77
TEST-00176,36.73
TEST-00177,26.99
TEST-00178,22.14
TEST-00179,53.95
TEST-00180,72.41
TEST-00181,14.7
TEST-00182,40.05
TEST-00183,38.3
TEST-00184,61.84
TEST-00185,106.43
TEST-00186,9.35
TEST-00187,38.43
TEST-00188,22.8
TEST-00189,49.17
TEST-00190,6.29
TEST-00191,41.79
TEST-00192,22.12
TEST-00193,11.28
TEST-00194,45.86
TEST-00195,31.42
TEST-00196,22.29
TEST-00197,70.82
TEST-00198,59.0
TEST-00199,67.73
TEST-00200,63.95
TEST-00201,6.28
TEST-00202,39.18
TEST-00203,52.36
TEST-00204,41.03
TEST-00205,17.17
TEST-00206,4.52
TEST-00207,3.54
TEST-00208,58.43
TEST-00209,8.76
TEST-00210,45.0
TEST-00211,61.25
TEST-00212,10.58
TEST-00213,54.73
TEST-00214,7.57
TEST-00215,46.7
TEST-00216,24.27
TEST-00217,50.14
TEST-00218,5.1
TEST-00219,36.95
TEST-00220,47.02
TEST-00221,9.16
TEST-00222,87.98
TEST-00223,14.94
TEST-00224,5.33
TEST-00225,36.79
TEST-00226,48.46
TEST-00227,6.86
TEST-00228,40.24
TEST-00229,50.25
TEST-00230,67.44
TEST-00231,32.8
TEST-00232,27.96
TEST-00233,16.52
TEST-00234,39.73
TEST-00235,23.98
TEST-00236,15.67
TEST-00237,34.48
TEST-00238,7.07
TEST-00239,9.62
TEST-00240,9.17
TEST-00241,3.0
TEST-00242,2.91
TEST-00243,57.13
TEST-00244,46.17
TEST-00245,15.88
TEST-00246,66.29
TEST-00247,36.63
TEST-00248,18.1
TEST-00249,33.9
TEST-00250,22.43
TEST-00251,83.21
TEST-00252,4.66
TEST-00253,47.12
TEST-00254,7.39
TEST-00255,9.39
TEST-00256,35.39
TEST-00257,21.31
TEST-00258,64.6
TEST-00259,29.89
TEST-00260,33.68
TEST-00261,29.31
TEST-00262,2.38
TEST-00263,43.9
TEST-00264,51.99
TEST-00265,30.2
TEST-00266,111.44
TEST-00267,37.29
TEST-00268,28.1
TEST-00269,41.92
TEST-00270,15.84
TEST-00271,87.28
TEST-00272,19.6
TEST-00273,31.53
TEST-00274,26.31
TEST-00275,27.37
TEST-00276,19.97
TEST-00277,34.78
TEST-00278,10.82
TEST-00279,18.05
TEST-00280,11.76
TEST-00281,36.63
TEST-00282,41.44
TEST-00283,153.55
TEST-00284,11.72
TEST-00285,28.09
TEST-00286,13.0
TEST-00287,38.33
TEST-00288,6.71
TEST-00289,106.41
TEST-00290,62.42
TEST-00291,25.18
TEST-00292,68.38
TEST-00293,36.43
TEST-00294,3.11
TEST-00295,18.07
TEST-00296,14.11
TEST-00297,7.35
TEST-00298,21.27
TEST-00299,4.09
TEST-00300,5.28
TEST-00301,7.96
TEST-00302,20.68
TEST-00303,2.04
TEST-00304,45.22
TEST-00305,35.9
TEST-00306,20.79
TEST-00307,51.0
TEST-00308,9.96
TEST-00309,6.64
TEST-00310,39.19
TEST-00311,4.7
TEST-00312,45.58
TEST-00313,8.04
TEST-00314,46.81
TEST-00315,47.9
TEST-00316,7.6
TEST-00317,50.85
TEST-00318,45.73
TEST-00319,12.97
TEST-00320,33.63
TEST-00321,41.06
TEST-00322,6.25
TEST-00323,128.85
TEST-00324,8.79
TEST-00325,6.86
TEST-00326,31.2
TEST-00327,4.61
TEST-00328,32.63
TEST-00329,45.89
TEST-00330,28.61
TEST-00331,38.83
TEST-00332,10.81
TEST-00333,7.72
TEST-00334,3.65
TEST-00335,21.72
TEST-00336,26.47
TEST-00337,8.56
TEST-00338,5.27
TEST-00339,27.21
TEST-00340,7.57
TEST-00341,1.56
TEST-00342,36.34
TEST-00343,56.16
TEST-00344,21.92
TEST-00345,48.2
TEST-00346,3.37
TEST-00347,12.8
TEST-00348,11.83
TEST-00349,38.36
TEST-00350,108.67
TEST-00351,14.81
TEST-00352,60.05
TEST-00353,20.04
TEST-00354,62.24
TEST-00355,21.39
TEST-00356,49.15
TEST-00357,84.93
TEST-00358,28.19
TEST-00359,47.76
TEST-00360,15.19
TEST-00361,27.17
TEST-00362,93.7
TEST-00363,0.85
TEST-00364,14.32
TEST-00365,44.24
TEST-00366,38.13
TEST-00367,4.88
TEST-00368,3.06
TEST-00369,0.73
TEST-00370,44.78
TEST-00371,21.13
TEST-00372,4.55
TEST-00373,5.17
TEST-00374,12.86
TEST-00375,27.06
TEST-00376,17.48
TEST-00377,23.54
TEST-00378,31.29
TEST-00379,21.72
TEST-00380,10.08
TEST-00381,8.99
TEST-00382,4.65
TEST-00383,28.82
TEST-00384,94.96
TEST-00385,4.59
TEST-00386,1.43
TEST-00387,34.74
TEST-00388,57.62
TEST-00389,63.75
TEST-00390,42.07
TEST-00391,49.6
TEST-00392,22.97
TEST-00393,19.85
TEST-00394,5.1
TEST-00395,52.03
TEST-00396,8.87
TEST-00397,45.54
TEST-00398,46.3
TEST-00399,61.11
TEST-00400,58.45
TEST-00401,20.37
TEST-00402,39.31
TEST-00403,30.1
TEST-00404,56.57
TEST-00405,82.98
TEST-00406,17.59
TEST-00407,4.41
TEST-00408,53.7
TEST-00409,7.4
TEST-00410,49.55
TEST-00411,21.78
TEST-00412,48.66
TEST-00413,17.84
TEST-00414,33.82
TEST-00415,4.92
TEST-00416,19.71
TEST-00417,5.56
TEST-00418,45.07
TEST-00419,24.94
TEST-00420,9.28
TEST-00421,13.29
TEST-00422,5.83
TEST-00423,54.56
TEST-00424,40.17
TEST-00425,60.68
TEST-00426,5.31
TEST-00427,20.07
TEST-00428,6.38
TEST-00429,30.03
TEST-00430,14.39
TEST-00431,83.01
TEST-00432,40.04
TEST-00433,22.61
TEST-00434,50.87
TEST-00435,48.58
TEST-00436,6.69
TEST-00437,44.85
TEST-00438,35.1
TEST-00439,125.66
TEST-00440,26.29
TEST-00441,47.06
TEST-00442,62.79
TEST-00443,58.24
TEST-00444,20.06
TEST-00445,64.34
TEST-00446,15.08
TEST-00447,15.51
TEST-00448,65.52
TEST-00449,54.03
TEST-00450,6.46
TEST-00451,18.4
TEST-00452,27.64
TEST-00453,16.59
TEST-00454,10.26
TEST-00455,50.59
TEST-00456,77.48
TEST-00457,62.25
TEST-00458,15.82
TEST-00459,42.6
TEST-00460,49.74
TEST-00461,116.43
TEST-00462,6.58
TEST-00463,8.43
TEST-00464,27.09
TEST-00465,37.12
TEST-00466,13.2
TEST-00467,63.06
TEST-00468,52.04
TEST-00469,43.62
TEST-00470,31.98
TEST-00471,11.87
TEST-00472,19.88
TEST-00473,44.45
TEST-00474,3.72
TEST-00475,16.91
TEST-00476,25.1
TEST-00477,96.66
TEST-00478,133.57
TEST-00479,19.16
TEST-00480,49.71
TEST-00481,67.77
TEST-00482,14.08
TEST-00483,1.57
TEST-00484,6.63
TEST-00485,59.1
TEST-00486,65.73
TEST-00487,38.28
TEST-00488,31.49
TEST-00489,11.83
TEST-00490,77.7
TEST-00491,22.27
TEST-00492,16.92
TEST-00493,6.59
TEST-00494,78.83
TEST-00495,34.29
TEST-00496,29.11
TEST-00497,12.09
TEST-00498,97.26
TEST-00499,54.35
TEST-00500,48.16
TEST-00501,45.29
TEST-00502,10.12
TEST-00503,5.43
TEST-00504,34.78
TEST-00505,16.73
TEST-00506,19.29
TEST-00507,50.41
TEST-00508,8.34
TEST-00509,56.55
TEST-00510,54.09
TEST-00511,14.85
TEST-00512,23.98
TEST-00513,72.6
TEST-00514,5.77
TEST-00515,57.83
TEST-00516,60.01
TEST-00517,21.97
TEST-00518,75.9
TEST-00519,32.85
TEST-00520,38.81
TEST-00521,47.89
TEST-00522,39.45
TEST-00523,16.27
TEST-00524,79.29
TEST-00525,20.03
TEST-00526,31.03
TEST-00527,56.25
TEST-00528,4.36
TEST-00529,19.24
TEST-00530,24.16
TEST-00531,85.97
TEST-00532,5.5
TEST-00533,23.06
TEST-00534,43.7
TEST-00535,51.07
TEST-00536,44.06
TEST-00537,43.98
TEST-00538,130.54
TEST-00539,12.31
TEST-00540,21.79
TEST-00541,92.84
TEST-00542,38.92
TEST-00543,28.4
TEST-00544,27.37
TEST-00545,40.05
TEST-00546,1.09
TEST-00547,40.05
TEST-00548,21.16
TEST-00549,39.02
TEST-00550,22.45
TEST-00551,38.36
TEST-00552,33.83
TEST-00553,27.96
TEST-00554,61.25
TEST-00555,40.73
TEST-00556,56.61
TEST-00557,33.29
TEST-00558,51.06
TEST-00559,49.86
TEST-00560,48.37
TEST-00561,100.01
TEST-00562,41.0
TEST-00563,47.79
TEST-00564,38.3
TEST-00565,44.55
TEST-00566,11.15
TEST-00567,37.12
TEST-00568,30.29
TEST-00569,34.89
TEST-00570,65.41
TEST-00571,8.05
TEST-00572,39.15
TEST-00573,9.14
TEST-00574,9.55
TEST-00575,40.44
TEST-00576,3.24
TEST-00577,24.74
TEST-00578,10.46
TEST-00579,20.36
TEST-00580,109.31
TEST-00581,20.84
TEST-00582,10.02
TEST-00583,103.92
TEST-00584,7.37
TEST-00585,38.12
TEST-00586,11.67
TEST-00587,2.09
TEST-00588,11.39
TEST-00589,26.84
TEST-00590,4.78
TEST-00591,20.84
TEST-00592,47.86
TEST-00593,35.53
TEST-00594,32.16
TEST-00595,42.51
TEST-00596,46.12
TEST-00597,6.36
TEST-00598,30.99
TEST-00599,2.52
TEST-00600,46.21
TEST-00601,43.77
TEST-00602,64.94
TEST-00603,41.09
TEST-00604,33.63
TEST-00605,35.11
TEST-00606,47.03
TEST-00607,21.48
TEST-00608,48.83
TEST-00609,10.0
TEST-00610,4.11
TEST-00611,36.18
TEST-00612,36.46
TEST-00613,45.29
TEST-00614,6.96
TEST-00615,22.19
TEST-00616,47.44
TEST-00617,42.53
TEST-00618,49.8
TEST-00619,6.38
TEST-00620,25.34
TEST-00621,94.78
TEST-00622,2.1
TEST-00623,24.3
TEST-00624,37.28
TEST-00625,64.66
TEST-00626,60.65
TEST-00627,106.22
TEST-00628,60.55
TEST-00629,59.42
TEST-00630,5.08
TEST-00631,44.2
TEST-00632,47.14
TEST-00633,32.45
TEST-00634,10.0
TEST-00635,3.48
TEST-00636,4.65
TEST-00637,5.11
TEST-00638,50.79
TEST-00639,17.28
TEST-00640,6.89
TEST-00641,5.23
TEST-00642,40.3
TEST-00643,20.65
TEST-00644,12.13
TEST-00645,41.96
TEST-00646,51.85
TEST-00647,48.09
TEST-00648,12.31
TEST-00649,56.15
TEST-00650,21.2
TEST-00651,31.07
TEST-00652,49.62
TEST-00653,13.95
TEST-00654,4.81
TEST-00655,19.53
TEST-00656,69.81
TEST-00657,5.13
TEST-00658,41.61
TEST-00659,54.08
TEST-00660,110.21
TEST-00661,19.39
TEST-00662,22.75
TEST-00663,14.6
TEST-00664,42.09
TEST-00665,71.49
TEST-00666,57.61
TEST-00667,53.79
TEST-00668,53.91
TEST-00669,7.83
TEST-00670,49.33
TEST-00671,42.0
TEST-00672,39.83
TEST-00673,30.55
TEST-00674,53.95
TEST-00675,17.51
TEST-00676,58.57
TEST-00677,3.71
TEST-00678,48.36
TEST-00679,4.68
TEST-00680,44.31
TEST-00681,60.99
TEST-00682,25.06
TEST-00683,36.94
TEST-00684,43.73
TEST-00685,62.35
TEST-00686,101.35
TEST-00687,47.8
TEST-00688,20.01
TEST-00689,2.11
TEST-00690,14.33
TEST-00691,23.91
TEST-00692,73.41
TEST-00693,67.07
TEST-00694,30.4
TEST-00695,54.09
TEST-00696,14.51
TEST-00697,12.0
TEST-00698,7.5
TEST-00699,51.32
TEST-00700,74.14
TEST-00701,67.66
TEST-00702,17.88
TEST-00703,28.93
TEST-00704,7.05
TEST-00705,45.03
TEST-00706,29.78
TEST-00707,34.55
TEST-00708,6.15
TEST-00709,35.65
TEST-00710,10.89
TEST-00711,51.88
TEST-00712,4.57
TEST-00713,16.72
TEST-00714,44.53
TEST-00715,45.32
TEST-00716,59.8
TEST-00717,5.65
TEST-00718,51.12
TEST-00719,5.06
TEST-00720,48.63
TEST-00721,12.16
TEST-00722,2.91
TEST-00723,27.15
TEST-00724,43.73
TEST-00725,80.44
TEST-00726,41.49
TEST-00727,2.46
TEST-00728,35.67
TEST-00729,4.2
TEST-00730,41.98
TEST-00731,3.37
TEST-00732,5.19
TEST-00733,28.06
TEST-00734,23.0
TEST-00735,33.71
TEST-00736,14.99
TEST-00737,70.6
TEST-00738,28.79
TEST-00739,27.61
TEST-00740,13.2
TEST-00741,37.43
TEST-00742,15.16
TEST-00743,18.72
TEST-00744,22.35
TEST-00745,13.99
TEST-00746,54.38
TEST-00747,152.25
TEST-00748,13.09
TEST-00749,14.88
TEST-00750,58.28
TEST-00751,6.2
TEST-00752,39.28
TEST-00753,15.88
TEST-00754,1.72
TEST-00755,26.3
TEST-00756,7.94
TEST-00757,16.86
TEST-00758,8.18
TEST-00759,5.01
TEST-00760,3.18
TEST-00761,12.64
TEST-00762,50.23
TEST-00763,20.76
TEST-00764,46.71
TEST-00765,10.07
TEST-00766,32.65
TEST-00767,5.21
TEST-00768,3.23
TEST-00769,18.79
TEST-00770,41.71
TEST-00771,20.51
TEST-00772,91.72
TEST-00773,14.75
TEST-00774,16.64
TEST-00775,0.7
TEST-00776,57.28
TEST-00777,6.0
TEST-00778,18.66
TEST-00779,35.82
TEST-00780,2.82
TEST-00781,3.3
TEST-00782,115.19
TEST-00783,1.63
TEST-00784,3.12
TEST-00785,46.51
TEST-00786,76.47
TEST-00787,35.11
TEST-00788,6.06
TEST-00789,32.81
TEST-00790,50.4
TEST-00791,72.06
TEST-00792,50.16
TEST-00793,41.8
TEST-00794,6.37
TEST-00795,36.75
TEST-00796,17.25
TEST-00797,53.44
TEST-00798,7.43
TEST-00799,33.29
TEST-00800,19.11
TEST-00801,8.5
TEST-00802,103.3
TEST-00803,89.04
TEST-00804,69.94
TEST-00805,78.83
TEST-00806,4.74
TEST-00807,43.01
TEST-00808,98.69
TEST-00809,1.73
TEST-00810,23.09
TEST-00811,13.21
TEST-00812,111.86
TEST-00813,24.87
TEST-00814,43.45
TEST-00815,52.09
TEST-00816,27.04
TEST-00817,13.57
TEST-00818,41.23
TEST-00819,33.31
TEST-00820,19.63
TEST-00821,46.19
TEST-00822,32.25
TEST-00823,14.23
TEST-00824,27.69
TEST-00825,33.18
TEST-00826,65.94
TEST-00827,16.72
TEST-00828,9.03
TEST-00829,74.24
TEST-00830,6.39
TEST-00831,21.13
TEST-00832,32.9
TEST-00833,38.45
TEST-00834,29.0
TEST-00835,106.56
TEST-00836,9.76
TEST-00837,24.63
TEST-00838,55.56
TEST-00839,26.62
TEST-00840,32.6
TEST-00841,5.16
TEST-00842,7.76
TEST-00843,20.6
TEST-00844,77.78
TEST-00845,52.6
TEST-00846,51.49
TEST-00847,10.4
TEST-00848,41.36
TEST-00849,8.29
TEST-00850,100.41
TEST-00851,17.37
TEST-00852,23.97
TEST-00853,26.31
TEST-00854,38.6
TEST-00855,10.71
TEST-00856,45.87
TEST-00857,52.25
TEST-00858,10.78
TEST-00859,58.38
TEST-00860,42.38
TEST-00861,57.39
TEST-00862,49.79
TEST-00863,20.95
TEST-00864,37.89
TEST-00865,5.64
TEST-00866,47.19
TEST-00867,16.03
TEST-00868,27.73
TEST-00869,120.05
TEST-00870,37.84
TEST-00871,105.9
TEST-00872,10.14
TEST-00873,30.2
TEST-00874,42.39
TEST-00875,35.04
TEST-00876,54.62
TEST-00877,39.47
TEST-00878,18.76
TEST-00879,6.26
TEST-00880,41.08
TEST-00881,27.02
TEST-00882,41.6
TEST-00883,89.87
TEST-00884,27.89
TEST-00885,59.22
TEST-00886,88.35
TEST-00887,11.9
TEST-00888,80.78
TEST-00889,9.67
TEST-00890,81.57
TEST-00891,8.13
TEST-00892,22.08
TEST-00893,48.47
TEST-00894,88.66
TEST-00895,53.56
TEST-00896,4.4
TEST-00897,47.24
TEST-00898,31.09
TEST-00899,11.48
TEST-00900,7.21
TEST-00901,1.01
TEST-00902,11.42
TEST-00903,4.69
TEST-00904,38.14
TEST-00905,73.45
TEST-00906,20.42
TEST-00907,6.46
TEST-00908,20.81
TEST-00909,53.04
TEST-00910,57.92
TEST-00911,29.92
TEST-00912,28.25
TEST-00913,52.53
TEST-00914,68.45
TEST-00915,20.91
TEST-00916,18.89
TEST-00917,65.25
TEST-00918,77.3
TEST-00919,50.1
TEST-00920,31.78
TEST-00921,30.72
TEST-00922,23.65
TEST-00923,4.79
TEST-00924,46.35
TEST-00925,20.81
TEST-00926,64.82
TEST-00927,4.53
TEST-00928,53.34
TEST-00929,3.13
TEST-00930,33.32
TEST-00931,40.7
TEST-00932,26.65
TEST-00933,29.46
TEST-00934,91.6
TEST-00935,49.39
TEST-00936,24.28
TEST-00937,5.23
TEST-00938,94.68
TEST-00939,47.38
TEST-00940,24.36
TEST-00941,6.28
TEST-00942,12.56
TEST-00943,128.49
TEST-00944,9.73
TEST-00945,98.32
TEST-00946,72.58
TEST-00947,8.95
TEST-00948,13.24
TEST-00949,35.12
TEST-00950,9.73
TEST-00951,13.81
TEST-00952,7.55
TEST-00953,85.32
TEST-00954,62.42
TEST-00955,10.7
TEST-00956,98.34
TEST-00957,24.14
TEST-00958,50.89
TEST-00959,22.43
TEST-00960,8.33
TEST-00961,21.41
TEST-00962,23.63
TEST-00963,40.36
TEST-00964,41.29
TEST-00965,29.69
TEST-00966,16.51
TEST-00967,68.59
TEST-00968,59.78
TEST-00969,43.32
TEST-00970,18.34
TEST-00971,57.75
TEST-00972,39.58
TEST-00973,111.14
TEST-00974,53.79
TEST-00975,67.96
TEST-00976,27.93
TEST-00977,32.6
TEST-00978,68.98
TEST-00979,43.58
TEST-00980,8.82
TEST-00981,54.0
TEST-00982,4.73
TEST-00983,21.15
TEST-00984,45.44
TEST-00985,58.82
TEST-00986,95.81
TEST-00987,53.32
TEST-00988,63.98
TEST-00989,18.49
TEST-00990,31.42
TEST-00991,35.21
TEST-00992,61.23
TEST-00993,61.49
TEST-00994,9.72
TEST-00995,8.41
TEST-00996,46.53
TEST-00997,33.66
TEST-00998,40.25
TEST-00999,8.36
TEST-01000,31.26
TEST-01001,106.91
TEST-01002,6.93
TEST-01003,8.69
TEST-01004,35.42
TEST-01005,20.0
TEST-01006,38.97
TEST-01007,2.72
TEST-01008,3.46
TEST-01009,16.83
TEST-01010,6.23
TEST-01011,9.55
TEST-01012,59.73
TEST-01013,46.22
TEST-01014,158.56
TEST-01015,11.91
TEST-01016,28.62
TEST-01017,5.88
TEST-01018,60.11
TEST-01019,22.18
TEST-01020,48.4
TEST-01021,2.12
TEST-01022,4.41
TEST-01023,2.93
TEST-01024,5.07
TEST-01025,74.47
TEST-01026,30.73
TEST-01027,55.77
TEST-01028,8.84
TEST-01029,53.95
TEST-01030,77.98
TEST-01031,2.9
TEST-01032,25.66
TEST-01033,4.37
TEST-01034,5.7
TEST-01035,47.23
TEST-01036,38.63
TEST-01037,19.4
TEST-01038,20.03
TEST-01039,49.65
TEST-01040,37.46
TEST-01041,22.83
TEST-01042,53.14
TEST-01043,5.9
TEST-01044,43.59
TEST-01045,4.89
TEST-01046,14.87
TEST-01047,9.41
TEST-01048,9.62
TEST-01049,37.8
TEST-01050,7.04
TEST-01051,44.72
TEST-01052,4.8
TEST-01053,57.95
TEST-01054,20.78
TEST-01055,33.2
TEST-01056,26.45
TEST-01057,34.88
TEST-01058,22.42
TEST-01059,41.74
TEST-01060,4.11
TEST-01061,5.35
TEST-01062,53.79
TEST-01063,24.87
TEST-01064,37.83
TEST-01065,40.44
TEST-01066,40.88
TEST-01067,22.89
TEST-01068,8.12
TEST-01069,4.5
TEST-01070,1.91
TEST-01071,12.34
TEST-01072,43.43
TEST-01073,56.08
TEST-01074,41.16
TEST-01075,38.73
TEST-01076,30.49
TEST-01077,25.59
TEST-01078,25.71
TEST-01079,37.7
TEST-01080,18.36
TEST-01081,39.93
TEST-01082,45.78
TEST-01083,44.3
TEST-01084,85.77
TEST-01085,12.77
TEST-01086,82.18
TEST-01087,41.98
TEST-01088,60.08
TEST-01089,10.08
TEST-01090,87.92
TEST-01091,30.79
TEST-01092,129.99
TEST-01093,15.12
TEST-01094,29.6
TEST-01095,12.2
TEST-01096,13.86
TEST-01097,2.82
TEST-01098,18.67
TEST-01099,15.81
TEST-01100,42.84
TEST-01101,20.74
TEST-01102,64.77
TEST-01103,25.88
TEST-01104,63.26
TEST-01105,32.35
TEST-01106,38.18
TEST-01107,63.25
TEST-01108,0.68
TEST-01109,60.11
TEST-01110,23.44
TEST-01111,25.78
TEST-01112,54.99
TEST-01113,85.55
TEST-01114,49.26
TEST-01115,12.15
TEST-01116,2.09
TEST-01117,96.33
TEST-01118,18.01
TEST-01119,17.13
TEST-01120,29.0
TEST-01121,63.15
TEST-01122,60.36
TEST-01123,29.66
TEST-01124,12.29
TEST-01125,5.55
TEST-01126,17.53
TEST-01127,38.04
TEST-01128,25.86
TEST-01129,45.13
TEST-01130,11.66
TEST-01131,5.9
TEST-01132,64.66
TEST-01133,22.81
TEST-01134,21.83
TEST-01135,30.45
TEST-01136,3.22
TEST-01137,4.17
TEST-01138,60.39
TEST-01139,7.91
TEST-01140,25.37
TEST-01141,9.59
TEST-01142,92.03
TEST-01143,5.76
TEST-01144,8.79
TEST-01145,8.15
TEST-01146,84.83
TEST-01147,29.97
TEST-01148,33.15
TEST-01149,37.47
TEST-01150,13.6
TEST-01151,61.33
TEST-01152,11.34
TEST-01153,6.8
TEST-01154,42.33
TEST-01155,91.14
TEST-01156,32.19
TEST-01157,3.27
TEST-01158,29.99
TEST-01159,47.83
TEST-01160,42.37
TEST-01161,56.68
TEST-01162,62.12
TEST-01163,42.61
TEST-01164,40.8
TEST-01165,54.65
TEST-01166,77.54
TEST-01167,53.23
TEST-01168,51.86
TEST-01169,11.67
TEST-01170,54.91
TEST-01171,12.35
TEST-01172,12.13
TEST-01173,76.93
TEST-01174,43.68
TEST-01175,41.36
TEST-01176,5.55
TEST-01177,36.63
TEST-01178,10.96
TEST-01179,104.79
TEST-01180,2.75
TEST-01181,56.6
TEST-01182,92.4
TEST-01183,6.9
TEST-01184,15.5
TEST-01185,18.49
TEST-01186,22.44
TEST-01187,5.29
TEST-01188,17.69
TEST-01189,8.33
TEST-01190,4.72
TEST-01191,61.4
TEST-01192,59.47
TEST-01193,24.22
TEST-01194,61.55
TEST-01195,21.92
TEST-01196,22.72
TEST-01197,37.85
TEST-01198,48.34
TEST-01199,64.75
TEST-01200,12.14
TEST-01201,5.98
TEST-01202,1.61
TEST-01203,50.03
TEST-01204,90.45
TEST-01205,21.74
TEST-01206,57.86
TEST-01207,26.83
TEST-01208,4.81
TEST-01209,43.56
TEST-01210,12.15
TEST-01211,58.68
TEST-01212,42.0
TEST-01213,25.16
TEST-01214,5.45
TEST-01215,7.65
TEST-01216,63.1
TEST-01217,18.38
TEST-01218,68.69
TEST-01219,5.16
TEST-01220,15.19
TEST-01221,18.31
TEST-01222,3.97
TEST-01223,37.17
TEST-01224,1.94
TEST-01225,42.47
TEST-01226,49.24
TEST-01227,45.85
TEST-01228,45.5
TEST-01229,37.3
TEST-01230,51.95
TEST-01231,8.95
TEST-01232,35.4
TEST-01233,40.57
TEST-01234,63.14
TEST-01235,42.29
TEST-01236,67.15
TEST-01237,0.92
TEST-01238,61.55
TEST-01239,39.71
TEST-01240,2.22
TEST-01241,5.42
TEST-01242,113.55
TEST-01243,49.2
TEST-01244,43.83
TEST-01245,46.3
TEST-01246,5.29
TEST-01247,61.57
TEST-01248,27.11
TEST-01249,68.5
TEST-01250,37.73
TEST-01251,23.13
TEST-01252,6.84
TEST-01253,25.61
TEST-01254,39.41
TEST-01255,49.11
TEST-01256,6.57
TEST-01257,23.71
TEST-01258,74.44
TEST-01259,72.82
TEST-01260,11.69
TEST-01261,22.16
TEST-01262,22.4
TEST-01263,137.18
TEST-01264,100.76
TEST-01265,22.61
TEST-01266,36.92
TEST-01267,9.16
TEST-01268,2.45
TEST-01269,30.76
TEST-01270,9.34
TEST-01271,8.33
TEST-01272,68.65
TEST-01273,23.1
TEST-01274,3.75
TEST-01275,28.6
TEST-01276,7.82
TEST-01277,28.25
TEST-01278,22.68
TEST-01279,90.03
TEST-01280,15.45
TEST-01281,14.5
TEST-01282,31.04
TEST-01283,68.01
TEST-01284,6.96
TEST-01285,53.16
TEST-01286,8.18
TEST-01287,25.12
TEST-01288,33.7
TEST-01289,16.52
TEST-01290,83.39
TEST-01291,27.8
TEST-01292,14.2
TEST-01293,17.95
TEST-01294,38.99
TEST-01295,8.51
TEST-01296,55.42
TEST-01297,6.16
TEST-01298,28.7
TEST-01299,16.46
TEST-01300,56.96
TEST-01301,40.16
TEST-01302,44.65
TEST-01303,20.73
TEST-01304,29.19
TEST-01305,49.95
TEST-01306,23.03
TEST-01307,50.63
TEST-01308,19.83
TEST-01309,7.39
TEST-01310,91.18
TEST-01311,41.18
TEST-01312,12.0
TEST-01313,65.23
TEST-01314,11.8
TEST-01315,3.28
TEST-01316,10.85
TEST-01317,25.62
TEST-01318,24.83
TEST-01319,45.96
TEST-01320,29.26
TEST-01321,104.88
TEST-01322,5.22
TEST-01323,22.15
TEST-01324,19.19
TEST-01325,39.59
TEST-01326,19.31
TEST-01327,6.81
TEST-01328,4.57
TEST-01329,19.84
TEST-01330,6.42
TEST-01331,40.49
TEST-01332,7.11
TEST-01333,13.73
TEST-01334,40.88
TEST-01335,66.19
TEST-01336,30.93
TEST-01337,24.57
TEST-01338,18.78
TEST-01339,67.23
TEST-01340,24.59
TEST-01341,4.62
TEST-01342,7.2
TEST-01343,28.17
TEST-01344,69.28
TEST-01345,31.82
TEST-01346,26.65
TEST-01347,19.6
TEST-01348,3.36
TEST-01349,23.22
TEST-01350,18.96
TEST-01351,71.09
TEST-01352,8.34
TEST-01353,57.58
TEST-01354,22.9
TEST-01355,60.54
TEST-01356,10.87
TEST-01357,57.67
TEST-01358,44.56
TEST-01359,53.51
TEST-01360,113.87
TEST-01361,73.11
TEST-01362,18.98
TEST-01363,18.54
TEST-01364,24.07
TEST-01365,5.22
TEST-01366,7.17
TEST-01367,7.97
TEST-01368,45.39
TEST-01369,44.64
TEST-01370,25.98
TEST-01371,41.11
TEST-01372,95.01
TEST-01373,88.04
TEST-01374,62.36
TEST-01375,5.86
TEST-01376,61.03
TEST-01377,14.01
TEST-01378,21.01
TEST-01379,21.35
TEST-01380,31.11
TEST-01381,10.27
TEST-01382,44.78
TEST-01383,22.94
TEST-01384,27.45
TEST-01385,1.95
TEST-01386,68.84
TEST-01387,14.39
TEST-01388,51.57
TEST-01389,35.12
TEST-01390,26.64
TEST-01391,26.36
TEST-01392,6.89
TEST-01393,27.26
TEST-01394,63.21
TEST-01395,32.37
TEST-01396,28.05
TEST-01397,38.43
TEST-01398,27.62
TEST-01399,64.13
TEST-01400,48.4
TEST-01401,53.71
TEST-01402,23.45
TEST-01403,48.7
TEST-01404,46.96
TEST-01405,16.99
TEST-01406,26.99
TEST-01407,43.79
TEST-01408,31.17
TEST-01409,33.07
TEST-01410,105.0
TEST-01411,45.07
TEST-01412,62.25
TEST-01413,178.58
TEST-01414,58.91
TEST-01415,45.45
TEST-01416,11.1
TEST-01417,6.09
TEST-01418,46.04
TEST-01419,76.36
TEST-01420,41.66
TEST-01421,50.54
TEST-01422,13.04
TEST-01423,16.7
TEST-01424,65.59
TEST-01425,46.99
TEST-01426,17.17
TEST-01427,53.97
TEST-01428,2.14
TEST-01429,5.26
TEST-01430,6.52
TEST-01431,4.07
TEST-01432,10.25
TEST-01433,37.76
TEST-01434,51.2
TEST-01435,47.41
TEST-01436,52.85
TEST-01437,62.25
TEST-01438,43.22
TEST-01439,10.47
TEST-01440,36.02
TEST-01441,28.54
TEST-01442,49.35
TEST-01443,59.35
TEST-01444,23.79
TEST-01445,34.25
TEST-01446,96.81
TEST-01447,51.74
TEST-01448,35.24
TEST-01449,58.26
TEST-01450,11.53
TEST-01451,32.74
TEST-01452,11.0
TEST-01453,47.4
TEST-01454,35.72
TEST-01455,24.82
TEST-01456,8.53
TEST-01457,50.88
TEST-01458,17.02
TEST-01459,5.4
TEST-01460,102.36
TEST-01461,6.07
TEST-01462,4.54
TEST-01463,61.35
TEST-01464,21.77
TEST-01465,15.23
TEST-01466,8.58
TEST-01467,43.27
TEST-01468,4.73
TEST-01469,3.54
TEST-01470,63.54
TEST-01471,22.57
TEST-01472,26.29
TEST-01473,10.64
TEST-01474,30.82
TEST-01475,37.63
TEST-01476,6.16
TEST-01477,54.83
TEST-01478,13.99
TEST-01479,42.02
TEST-01480,27.76
TEST-01481,84.5
TEST-01482,12.98
TEST-01483,25.86
TEST-01484,5.15
TEST-01485,15.76
TEST-01486,0.2
TEST-01487,20.19
TEST-01488,101.42
TEST-01489,4.52
TEST-01490,14.71
TEST-01491,3.9
TEST-01492,46.26
TEST-01493,4.72
TEST-01494,29.24
TEST-01495,37.55
TEST-01496,22.63
TEST-01497,50.84
TEST-01498,45.88
TEST-01499,72.05
TEST-01500,31.4
TEST-01501,56.54
TEST-01502,21.5
TEST-01503,40.36
TEST-01504,36.15
TEST-01505,56.56
TEST-01506,4.57
TEST-01507,20.39
TEST-01508,10.26
TEST-01509,27.73
TEST-01510,31.46
TEST-01511,19.05
TEST-01512,63.46
TEST-01513,23.87
TEST-01514,39.22
TEST-01515,59.81
TEST-01516,32.1
TEST-01517,24.01
TEST-01518,84.09
TEST-01519,14.59
TEST-01520,41.56
TEST-01521,38.12
TEST-01522,29.11
TEST-01523,45.76
TEST-01524,30.94
TEST-01525,15.29
TEST-01526,52.72
TEST-01527,37.99
TEST-01528,19.15
TEST-01529,49.83
TEST-01530,13.41
TEST-01531,76.04
TEST-01532,3.83
TEST-01533,8.71
TEST-01534,9.91
TEST-01535,75.05
TEST-01536,16.91
TEST-01537,6.27
TEST-01538,7.4
TEST-01539,16.77
TEST-01540,5.53
TEST-01541,41.44
TEST-01542,4.87
TEST-01543,63.6
TEST-01544,30.53
TEST-01545,4.3
TEST-01546,26.02
TEST-01547,34.44
TEST-01548,46.71
TEST-01549,6.72
TEST-01550,26.94
TEST-01551,48.98
TEST-01552,27.78
TEST-01553,47.67
TEST-01554,7.42
TEST-01555,42.48
TEST-01556,46.07
TEST-01557,66.88
TEST-01558,6.92
TEST-01559,24.58
TEST-01560,18.07
TEST-01561,6.43
TEST-01562,51.91
TEST-01563,4.81
TEST-01564,6.68
TEST-01565,38.16
TEST-01566,7.59
TEST-01567,87.71
TEST-01568,42.97
TEST-01569,45.51
TEST-01570,9.45
TEST-01571,104.01
TEST-01572,3.69
TEST-01573,12.4
TEST-01574,4.22
TEST-01575,25.98
TEST-01576,54.85
TEST-01577,33.73
TEST-01578,6.69
TEST-01579,41.38
TEST-01580,19.57
TEST-01581,15.38
TEST-01582,46.52
TEST-01583,56.03
TEST-01584,15.37
TEST-01585,19.72
TEST-01586,29.45
TEST-01587,14.55
TEST-01588,40.78
TEST-01589,21.59
TEST-01590,28.43
TEST-01591,41.65
TEST-01592,53.37
TEST-01593,47.01
TEST-01594,58.85
TEST-01595,51.52
TEST-01596,3.71
TEST-01597,21.74
TEST-01598,5.05
TEST-01599,37.05
TEST-01600,23.26
TEST-01601,38.67
TEST-01602,5.74
TEST-01603,52.67
TEST-01604,46.15
TEST-01605,5.6
TEST-01606,5.01
TEST-01607,15.14
TEST-01608,70.94
TEST-01609,44.61
TEST-01610,49.33
TEST-01611,4.79
TEST-01612,20.25
TEST-01613,52.77
TEST-01614,42.43
TEST-01615,1.47
TEST-01616,103.87
TEST-01617,26.14
TEST-01618,21.25
TEST-01619,37.68
TEST-01620,42.43
TEST-01621,17.03
TEST-01622,54.51
TEST-01623,14.75
TEST-01624,68.93
TEST-01625,12.35
TEST-01626,5.19
TEST-01627,50.88
TEST-01628,14.31
TEST-01629,20.89
TEST-01630,47.35
TEST-01631,40.41
TEST-01632,32.99
TEST-01633,21.99
TEST-01634,30.42
TEST-01635,38.07
TEST-01636,62.67
TEST-01637,47.96
TEST-01638,3.68
TEST-01639,28.25
TEST-01640,12.93
TEST-01641,35.07
TEST-01642,44.98
TEST-01643,5.02
TEST-01644,18.96
TEST-01645,46.35
TEST-01646,9.91
TEST-01647,38.31
TEST-01648,19.13
TEST-01649,4.04
TEST-01650,23.37
TEST-01651,20.0
TEST-01652,7.57
TEST-01653,8.18
TEST-01654,57.22
TEST-01655,7.22
TEST-01656,42.54
TEST-01657,9.61
TEST-01658,43.23
TEST-01659,8.43
TEST-01660,60.25
TEST-01661,18.07
TEST-01662,13.58
TEST-01663,60.8
TEST-01664,46.64
TEST-01665,5.81
TEST-01666,7.07
TEST-01667,39.27
TEST-01668,7.61
TEST-01669,6.12
TEST-01670,36.7
TEST-01671,38.49
TEST-01672,15.02
TEST-01673,43.29
TEST-01674,12.27
TEST-01675,46.65
TEST-01676,122.27
TEST-01677,8.36
TEST-01678,32.38
TEST-01679,40.29
TEST-01680,5.64
TEST-01681,39.63
TEST-01682,50.91
TEST-01683,7.24
TEST-01684,39.38
TEST-01685,59.4
TEST-01686,14.42
TEST-01687,5.04
TEST-01688,32.32
TEST-01689,45.3
TEST-01690,37.91
TEST-01691,27.13
TEST-01692,41.69
TEST-01693,7.9
TEST-01694,77.77
TEST-01695,5.15
TEST-01696,10.67
TEST-01697,21.87
TEST-01698,8.49
TEST-01699,11.78
TEST-01700,59.23
TEST-01701,28.48
TEST-01702,72.18
TEST-01703,37.16
TEST-01704,23.62
TEST-01705,5.19
TEST-01706,17.76
TEST-01707,63.04
TEST-01708,10.59
TEST-01709,23.29
TEST-01710,40.85
TEST-01711,21.96
TEST-01712,10.3
TEST-01713,4.37
TEST-01714,58.22
TEST-01715,46.43
TEST-01716,8.37
TEST-01717,7.09
TEST-01718,26.81
TEST-01719,93.51
TEST-01720,31.49
TEST-01721,21.02
TEST-01722,12.17
TEST-01723,10.57
TEST-01724,73.35
TEST-01725,11.11
TEST-01726,13.58
TEST-01727,3.54
TEST-01728,9.73
TEST-01729,76.63
TEST-01730,16.04
TEST-01731,40.66
TEST-01732,30.57
TEST-01733,47.56
TEST-01734,9.49
TEST-01735,83.52
TEST-01736,44.58
TEST-01737,16.98
TEST-01738,38.9
TEST-01739,3.69
TEST-01740,43.72
TEST-01741,26.05
TEST-01742,10.2
TEST-01743,68.44
TEST-01744,16.78
TEST-01745,5.88
TEST-01746,58.06
TEST-01747,20.46
TEST-01748,6.67
TEST-01749,78.86
TEST-01750,5.81
TEST-01751,7.31
TEST-01752,26.77
TEST-01753,19.46
TEST-01754,43.04
TEST-01755,8.78
TEST-01756,13.15
TEST-01757,55.64
TEST-01758,1.56
TEST-01759,69.97
TEST-01760,3.2
TEST-01761,39.86
TEST-01762,88.57
TEST-01763,23.47
TEST-01764,34.12
TEST-01765,70.11
TEST-01766,18.62
TEST-01767,60.52
TEST-01768,37.3
TEST-01769,45.09
TEST-01770,32.18
TEST-01771,3.53
TEST-01772,35.45
TEST-01773,45.51
TEST-01774,61.44
TEST-01775,52.46
TEST-01776,16.33
TEST-01777,50.35
TEST-01778,79.21
TEST-01779,14.96
TEST-01780,54.81
TEST-01781,35.15
TEST-01782,71.42
TEST-01783,45.37
TEST-01784,49.33
TEST-01785,8.03
TEST-01786,11.09
TEST-01787,74.78
TEST-01788,26.48
TEST-01789,10.47
TEST-01790,58.95
TEST-01791,20.78
TEST-01792,18.14
TEST-01793,29.97
TEST-01794,84.95
TEST-01795,4.07
TEST-01796,13.7
TEST-01797,4.6
TEST-01798,48.39
TEST-01799,54.98
TEST-01800,9.54
TEST-01801,31.09
TEST-01802,15.47
TEST-01803,86.0
TEST-01804,23.24
TEST-01805,36.49
TEST-01806,12.46
TEST-01807,20.94
TEST-01808,21.86
TEST-01809,10.75
TEST-01810,16.64
TEST-01811,24.45
TEST-01812,100.56
TEST-01813,24.05
TEST-01814,4.79
TEST-01815,22.89
TEST-01816,31.12
TEST-01817,45.6
TEST-01818,31.2
TEST-01819,56.84
TEST-01820,61.88
TEST-01821,42.68
TEST-01822,7.52
TEST-01823,44.39
TEST-01824,71.4
TEST-01825,48.78
TEST-01826,68.62
TEST-01827,40.61
TEST-01828,67.18
TEST-01829,48.84
TEST-01830,23.34
TEST-01831,50.09
TEST-01832,65.86
TEST-01833,53.23
TEST-01834,8.44
TEST-01835,58.67
TEST-01836,41.98
TEST-01837,38.13
TEST-01838,43.58
TEST-01839,25.32
TEST-01840,39.37
TEST-01841,41.71
TEST-01842,45.06
TEST-01843,43.89
TEST-01844,26.27
TEST-01845,142.1
TEST-01846,49.04
TEST-01847,13.24
TEST-01848,110.29
TEST-01849,49.31
TEST-01850,4.68
TEST-01851,15.34
TEST-01852,107.0
TEST-01853,3.12
TEST-01854,19.65
TEST-01855,35.22
TEST-01856,2.25
TEST-01857,28.96
TEST-01858,79.81
TEST-01859,6.26
TEST-01860,14.89
TEST-01861,44.03
TEST-01862,41.14
TEST-01863,12.84
TEST-01864,37.73
TEST-01865,9.27
TEST-01866,20.79
TEST-01867,20.93
TEST-01868,21.42
TEST-01869,16.29
TEST-01870,6.98
TEST-01871,58.77
TEST-01872,6.37
TEST-01873,20.22
TEST-01874,27.41
TEST-01875,103.5
TEST-01876,58.05
TEST-01877,19.54
TEST-01878,19.08
TEST-01879,32.95
TEST-01880,26.01
TEST-01881,18.74
TEST-01882,5.32
TEST-01883,56.46
TEST-01884,18.75
TEST-01885,86.48
TEST-01886,47.54
TEST-01887,17.59
TEST-01888,52.26
TEST-01889,54.13
TEST-01890,58.11
TEST-01891,47.02
TEST-01892,93.6
TEST-01893,16.24
TEST-01894,41.21
TEST-01895,24.89
TEST-01896,1.08
TEST-01897,35.35
TEST-01898,21.11
TEST-01899,37.23
TEST-01900,12.06
TEST-01901,22.68
TEST-01902,120.24
TEST-01903,12.56
TEST-01904,13.96
TEST-01905,44.09
TEST-01906,28.07
TEST-01907,17.61
TEST-01908,89.81
TEST-01909,48.68
TEST-01910,85.12
TEST-01911,9.73
TEST-01912,46.15
TEST-01913,12.97
TEST-01914,22.25
TEST-01915,116.52
TEST-01916,53.29
TEST-01917,42.71
TEST-01918,27.83
TEST-01919,55.35
TEST-01920,60.37
TEST-01921,44.3
TEST-01922,10.97
TEST-01923,38.88
TEST-01924,57.68
TEST-01925,41.32
TEST-01926,16.85
TEST-01927,80.56
TEST-01928,5.64
TEST-01929,6.55
TEST-01930,32.41
TEST-01931,10.66
TEST-01932,85.87
TEST-01933,27.05
TEST-01934,59.83
TEST-01935,56.93
TEST-01936,108.19
TEST-01937,57.97
TEST-01938,12.1
TEST-01939,54.05
TEST-01940,20.46
TEST-01941,31.09
TEST-01942,34.18
TEST-01943,71.42
TEST-01944,57.26
TEST-01945,23.8
TEST-01946,93.21
TEST-01947,81.39
TEST-01948,62.34
TEST-01949,95.83
TEST-01950,42.76
TEST-01951,21.24
TEST-01952,57.5
TEST-01953,90.55
TEST-01954,0.37
TEST-01955,53.58
TEST-01956,103.99
TEST-01957,22.95
TEST-01958,47.88
TEST-01959,57.61
TEST-01960,23.88
TEST-01961,22.55
TEST-01962,92.4
TEST-01963,20.81
TEST-01964,18.98
TEST-01965,9.8
TEST-01966,17.49
TEST-01967,62.66
TEST-01968,49.64
TEST-01969,63.02
TEST-01970,4.98
TEST-01971,18.64
TEST-01972,4.5
TEST-01973,41.7
TEST-01974,44.21
TEST-01975,16.97
TEST-01976,24.2
TEST-01977,48.16
TEST-01978,40.5
TEST-01979,25.42
TEST-01980,151.73
TEST-01981,4.61
TEST-01982,42.54
TEST-01983,48.83
TEST-01984,43.73
TEST-01985,55.25
TEST-01986,54.52
TEST-01987,25.25
TEST-01988,5.53
TEST-01989,45.41
TEST-01990,5.85
TEST-01991,86.2
TEST-01992,39.06
TEST-01993,14.64
TEST-01994,24.26
TEST-01995,30.15
TEST-01996,14.48
TEST-01997,50.42
TEST-01998,49.56
TEST-01999,27.33
TEST-02000,64.82
TEST-02001,58.7
TEST-02002,3.15
TEST-02003,61.69
TEST-02004,8.15
TEST-02005,73.02
TEST-02006,91.18
TEST-02007,60.87
TEST-02008,2.28
TEST-02009,34.02
TEST-02010,55.97
TEST-02011,11.29
TEST-02012,44.01
TEST-02013,7.46
TEST-02014,54.43
TEST-02015,14.51
TEST-02016,39.92
TEST-02017,28.24
TEST-02018,105.09
TEST-02019,1.17
TEST-02020,26.07
TEST-02021,21.71
TEST-02022,18.51
TEST-02023,4.14
TEST-02024,18.15
TEST-02025,90.74
TEST-02026,19.27
TEST-02027,33.81
TEST-02028,4.77
TEST-02029,4.0
TEST-02030,5.2
TEST-02031,5.25
TEST-02032,23.4
TEST-02033,54.39
TEST-02034,76.6
TEST-02035,32.83
TEST-02036,44.41
TEST-02037,30.62
TEST-02038,41.8
TEST-02039,55.07
TEST-02040,37.72
TEST-02041,20.44
TEST-02042,94.09
TEST-02043,5.66
TEST-02044,8.99
TEST-02045,56.3
TEST-02046,47.58
TEST-02047,12.36
TEST-02048,4.19
TEST-02049,69.91
TEST-02050,25.89
TEST-02051,45.71
TEST-02052,100.55
TEST-02053,25.01
TEST-02054,69.33
TEST-02055,29.56
TEST-02056,12.9
TEST-02057,4.93
TEST-02058,11.35
TEST-02059,35.21
TEST-02060,55.09
TEST-02061,65.8
TEST-02062,19.63
TEST-02063,9.11
TEST-02064,7.77
TEST-02065,60.11
TEST-02066,21.76
TEST-02067,35.05
TEST-02068,22.41
TEST-02069,43.06
TEST-02070,4.46
TEST-02071,86.79
TEST-02072,19.38
TEST-02073,11.62
TEST-02074,83.7
TEST-02075,18.31
TEST-02076,14.53
TEST-02077,48.98
TEST-02078,38.73
TEST-02079,97.96
TEST-02080,4.08
TEST-02081,52.04
TEST-02082,53.03
TEST-02083,48.21
TEST-02084,46.66
TEST-02085,36.46
TEST-02086,19.74
TEST-02087,64.79
TEST-02088,46.4
TEST-02089,13.34
TEST-02090,42.55
TEST-02091,43.44
TEST-02092,47.44
TEST-02093,30.34
TEST-02094,40.04
TEST-02095,28.13
TEST-02096,60.38
TEST-02097,84.72
TEST-02098,68.0
TEST-02099,22.63
TEST-02100,4.37
TEST-02101,27.69
TEST-02102,3.27
TEST-02103,24.05
TEST-02104,11.29
TEST-02105,29.71
TEST-02106,44.21
TEST-02107,47.39
TEST-02108,3.95
TEST-02109,76.22
TEST-02110,11.63
TEST-02111,19.51
TEST-02112,44.09
TEST-02113,56.37
TEST-02114,39.32
TEST-02115,22.03
TEST-02116,17.75
TEST-02117,25.36
TEST-02118,42.19
TEST-02119,10.04
TEST-02120,22.9
TEST-02121,24.16
TEST-02122,85.23
TEST-02123,41.07
TEST-02124,63.86
TEST-02125,11.03
TEST-02126,1.11
TEST-02127,35.56
TEST-02128,19.29
TEST-02129,12.33
TEST-02130,16.54
TEST-02131,128.62
TEST-02132,122.0
TEST-02133,24.78
TEST-02134,93.56
TEST-02135,55.19
TEST-02136,66.11
TEST-02137,38.12
TEST-02138,6.84
TEST-02139,4.4
TEST-02140,5.5
TEST-02141,22.59
TEST-02142,66.61
TEST-02143,34.9
TEST-02144,5.24
TEST-02145,37.87
TEST-02146,59.7
TEST-02147,28.4
TEST-02148,14.07
TEST-02149,31.13
TEST-02150,27.65
TEST-02151,22.36
TEST-02152,10.38
TEST-02153,6.46
TEST-02154,62.47
TEST-02155,58.63
TEST-02156,46.61
TEST-02157,30.64
TEST-02158,38.95
TEST-02159,65.03
TEST-02160,25.16
TEST-02161,12.13
TEST-02162,65.13
TEST-02163,33.77
TEST-02164,33.31
TEST-02165,53.45
TEST-02166,5.33
TEST-02167,75.51
TEST-02168,29.86
TEST-02169,5.76
TEST-02170,65.54
TEST-02171,32.43
TEST-02172,39.25
TEST-02173,25.93
TEST-02174,33.06
TEST-02175,22.41
TEST-02176,68.47
TEST-02177,48.86
TEST-02178,3.12
TEST-02179,58.83
TEST-02180,69.1
TEST-02181,12.43
TEST-02182,33.92
TEST-02183,58.34
TEST-02184,30.45
TEST-02185,22.15
TEST-02186,46.2
TEST-02187,32.52
TEST-02188,60.49
TEST-02189,10.01
TEST-02190,23.64
TEST-02191,21.07
TEST-02192,49.49
TEST-02193,51.6
TEST-02194,14.42
TEST-02195,14.27
TEST-02196,4.97
TEST-02197,63.0
TEST-02198,16.54
TEST-02199,57.14
TEST-02200,1.76
TEST-02201,7.52
TEST-02202,11.92
TEST-02203,31.78
TEST-02204,16.33
TEST-02205,21.68
TEST-02206,5.35
TEST-02207,24.65
TEST-02208,36.05
TEST-02209,18.14
TEST-02210,10.03
TEST-02211,49.16
TEST-02212,12.01
TEST-02213,50.77
TEST-02214,14.84
TEST-02215,5.76
TEST-02216,31.26
TEST-02217,20.97
TEST-02218,38.98
TEST-02219,42.4
TEST-02220,18.29
TEST-02221,8.37
TEST-02222,57.58
TEST-02223,20.78
TEST-02224,103.63
TEST-02225,54.69
TEST-02226,50.34
TEST-02227,100.73
TEST-02228,9.76
TEST-02229,33.62
TEST-02230,4.88
TEST-02231,37.79
TEST-02232,45.09
TEST-02233,102.6
TEST-02234,53.51
TEST-02235,5.98
TEST-02236,33.24
TEST-02237,54.31
TEST-02238,40.32
TEST-02239,35.46
TEST-02240,73.15
TEST-02241,5.05
TEST-02242,35.47
TEST-02243,66.92
TEST-02244,4.6
TEST-02245,37.11
TEST-02246,31.33
TEST-02247,86.28
TEST-02248,34.28
TEST-02249,6.83
TEST-02250,55.46
TEST-02251,17.35
TEST-02252,21.7
TEST-02253,7.97
TEST-02254,50.44
TEST-02255,5.18
TEST-02256,2.68
TEST-02257,25.33
TEST-02258,43.64
TEST-02259,37.09
TEST-02260,81.15
TEST-02261,38.47
TEST-02262,4.54
TEST-02263,53.11
TEST-02264,2.57
TEST-02265,17.42
TEST-02266,3.96
TEST-02267,24.46
TEST-02268,42.49
TEST-02269,8.22
TEST-02270,9.32
TEST-02271,103.97
TEST-02272,2.58
TEST-02273,26.4
TEST-02274,51.37
TEST-02275,55.21
TEST-02276,30.58
TEST-02277,10.43
TEST-02278,38.34
TEST-02279,97.87
TEST-02280,12.31
TEST-02281,6.94
TEST-02282,59.29
TEST-02283,66.06
TEST-02284,5.45
TEST-02285,49.13
TEST-02286,13.2
TEST-02287,16.2
TEST-02288,17.48
TEST-02289,33.12
TEST-02290,15.6
TEST-02291,103.34
TEST-02292,37.68
TEST-02293,21.44
TEST-02294,11.29
TEST-02295,56.92
TEST-02296,49.39
TEST-02297,16.54
TEST-02298,34.02
TEST-02299,52.07
TEST-02300,11.77
TEST-02301,24.4
TEST-02302,25.31
TEST-02303,99.04
TEST-02304,24.55
TEST-02305,51.93
TEST-02306,73.94
TEST-02307,43.15
TEST-02308,20.0
TEST-02309,39.96
TEST-02310,69.67
TEST-02311,5.23
TEST-02312,9.53
TEST-02313,14.73
TEST-02314,62.47
TEST-02315,34.3
TEST-02316,41.89
TEST-02317,26.37
TEST-02318,41.34
TEST-02319,121.4
TEST-02320,5.92
TEST-02321,39.78
TEST-02322,71.85
TEST-02323,45.89
TEST-02324,47.65
TEST-02325,51.59
TEST-02326,54.14
TEST-02327,113.42
TEST-02328,26.43
TEST-02329,39.53
TEST-02330,23.39
TEST-02331,21.89
TEST-02332,37.94
TEST-02333,17.08
TEST-02334,11.69
TEST-02335,5.88
TEST-02336,40.19
TEST-02337,62.8
TEST-02338,8.38
TEST-02339,12.67
TEST-02340,14.31
TEST-02341,2.26
TEST-02342,40.52
TEST-02343,52.3
TEST-02344,29.99
TEST-02345,19.23
TEST-02346,99.87
TEST-02347,47.17
TEST-02348,23.43
TEST-02349,38.8
TEST-02350,5.4
TEST-02351,22.28
TEST-02352,12.24
TEST-02353,18.65
TEST-02354,47.51
TEST-02355,39.86
TEST-02356,4.92
TEST-02357,66.93
TEST-02358,84.91
TEST-02359,4.8
TEST-02360,27.87
TEST-02361,25.05
TEST-02362,16.94
TEST-02363,48.32
TEST-02364,98.75
TEST-02365,49.16
TEST-02366,76.38
TEST-02367,32.05
TEST-02368,22.81
TEST-02369,50.51
TEST-02370,28.38
TEST-02371,48.69
TEST-02372,34.66
TEST-02373,5.34
TEST-02374,78.47
TEST-02375,36.01
TEST-02376,54.52
TEST-02377,23.24
TEST-02378,63.44
TEST-02379,51.43
TEST-02380,121.86
TEST-02381,36.77
TEST-02382,19.96
TEST-02383,20.33
TEST-02384,18.14
TEST-02385,40.42
TEST-02386,39.4
TEST-02387,43.49
TEST-02388,70.07
TEST-02389,13.3
TEST-02390,40.8
TEST-02391,57.25
TEST-02392,48.95
TEST-02393,8.19
TEST-02394,3.88
TEST-02395,37.81
TEST-02396,7.65
TEST-02397,32.27
TEST-02398,27.43
TEST-02399,37.96
TEST-02400,5.78
TEST-02401,59.9
TEST-02402,73.12
TEST-02403,45.61
TEST-02404,86.89
TEST-02405,47.61
TEST-02406,60.58
TEST-02407,6.4
TEST-02408,85.46
TEST-02409,57.57
TEST-02410,54.56
TEST-02411,28.87
TEST-02412,32.74
TEST-02413,24.22
TEST-02414,21.66
TEST-02415,29.44
TEST-02416,5.1
TEST-02417,26.32
TEST-02418,6.85
TEST-02419,53.15
TEST-02420,40.93
TEST-02421,24.88
TEST-02422,22.02
TEST-02423,5.82
TEST-02424,74.91
TEST-02425,47.74
TEST-02426,10.56
TEST-02427,61.55
TEST-02428,41.56
TEST-02429,101.61
TEST-02430,85.1
TEST-02431,4.79
TEST-02432,51.9
TEST-02433,74.35
TEST-02434,24.47
TEST-02435,21.88
TEST-02436,4.97
TEST-02437,3.32
TEST-02438,5.22
TEST-02439,39.14
TEST-02440,13.03
TEST-02441,70.49
TEST-02442,4.6
TEST-02443,15.03
TEST-02444,18.81
TEST-02445,13.29
TEST-02446,27.49
TEST-02447,27.79
TEST-02448,44.66
TEST-02449,81.41
TEST-02450,26.01
TEST-02451,21.8
TEST-02452,50.55
TEST-02453,13.38
TEST-02454,28.35
TEST-02455,90.93
TEST-02456,26.43
TEST-02457,44.46
TEST-02458,13.18
TEST-02459,50.85
TEST-02460,110.53
TEST-02461,50.28
TEST-02462,10.83
TEST-02463,5.84
TEST-02464,52.87
TEST-02465,6.06
TEST-02466,11.41
TEST-02467,42.45
TEST-02468,21.21
TEST-02469,7.74
TEST-02470,53.45
TEST-02471,4.44
TEST-02472,40.2
TEST-02473,21.13
TEST-02474,16.75
TEST-02475,27.65
TEST-02476,68.94
TEST-02477,34.61
TEST-02478,90.94
TEST-02479,46.24
TEST-02480,30.07
TEST-02481,52.13
TEST-02482,6.14
TEST-02483,6.16
TEST-02484,57.42
TEST-02485,59.76
TEST-02486,19.3
TEST-02487,48.87
TEST-02488,74.69
TEST-02489,105.78
TEST-02490,62.93
TEST-02491,43.09
TEST-02492,31.8
TEST-02493,11.19
TEST-02494,4.34
TEST-02495,45.49
TEST-02496,9.79
TEST-02497,71.19
TEST-02498,51.4
TEST-02499,47.75
TEST-02500,40.39
TEST-02501,28.23
TEST-02502,58.21
TEST-02503,36.87
TEST-02504,43.24
TEST-02505,34.88
TEST-02506,54.57
TEST-02507,39.75
TEST-02508,55.61
TEST-02509,25.82
TEST-02510,73.85
TEST-02511,34.99
TEST-02512,41.69
TEST-02513,108.69
TEST-02514,52.46
TEST-02515,116.79
TEST-02516,27.06
TEST-02517,17.33
TEST-02518,20.38
TEST-02519,47.88
TEST-02520,34.73
TEST-02521,9.61
TEST-02522,36.42
TEST-02523,56.43
TEST-02524,9.22
TEST-02525,33.38
TEST-02526,12.2
TEST-02527,4.67
TEST-02528,7.55
TEST-02529,21.32
TEST-02530,10.42
TEST-02531,28.0
TEST-02532,102.52
TEST-02533,4.61
TEST-02534,9.75
TEST-02535,42.72
TEST-02536,47.54
TEST-02537,43.77
TEST-02538,13.87
TEST-02539,38.7
TEST-02540,40.62
TEST-02541,22.38
TEST-02542,20.78
TEST-02543,8.15
TEST-02544,12.19
TEST-02545,37.86
TEST-02546,4.12
TEST-02547,5.75
TEST-02548,50.17
TEST-02549,92.14
TEST-02550,22.87
TEST-02551,10.82
TEST-02552,42.54
TEST-02553,10.43
TEST-02554,125.76
TEST-02555,30.93
TEST-02556,37.62
TEST-02557,4.19
TEST-02558,22.16
TEST-02559,19.08
TEST-02560,8.91
TEST-02561,53.9
TEST-02562,44.04
TEST-02563,54.42
TEST-02564,4.9
TEST-02565,37.74
TEST-02566,20.2
TEST-02567,20.91
TEST-02568,46.89
TEST-02569,16.14
TEST-02570,20.69
TEST-02571,5.49
TEST-02572,38.79
TEST-02573,7.66
TEST-02574,4.8
TEST-02575,28.54
TEST-02576,16.77
TEST-02577,27.62
TEST-02578,49.61
TEST-02579,4.2
TEST-02580,30.47
TEST-02581,70.27
TEST-02582,32.65
TEST-02583,4.92
TEST-02584,97.11
TEST-02585,37.91
TEST-02586,5.75
TEST-02587,15.89
TEST-02588,33.07
TEST-02589,25.98
TEST-02590,21.04
TEST-02591,17.11
TEST-02592,14.8
TEST-02593,18.36
TEST-02594,6.23
TEST-02595,21.35
TEST-02596,41.28
TEST-02597,53.54
TEST-02598,29.31
TEST-02599,5.33
TEST-02600,21.02
TEST-02601,45.87
TEST-02602,21.43
TEST-02603,40.74
TEST-02604,35.85
TEST-02605,10.11
TEST-02606,51.7
TEST-02607,9.04
TEST-02608,7.1
TEST-02609,5.89
TEST-02610,16.06
TEST-02611,26.35
TEST-02612,62.97
TEST-02613,5.67
TEST-02614,22.3
TEST-02615,68.89
TEST-02616,47.03
TEST-02617,48.5
TEST-02618,59.89
TEST-02619,44.88
TEST-02620,18.72
TEST-02621,43.1
TEST-02622,24.73
TEST-02623,38.05
TEST-02624,28.09
TEST-02625,54.12
TEST-02626,37.24
TEST-02627,23.46
TEST-02628,10.11
TEST-02629,50.01
TEST-02630,9.54
TEST-02631,64.66
TEST-02632,26.37
TEST-02633,9.89
TEST-02634,61.94
TEST-02635,18.24
TEST-02636,29.86
TEST-02637,4.92
TEST-02638,6.2
TEST-02639,80.4
TEST-02640,29.84
TEST-02641,32.17
TEST-02642,48.39
TEST-02643,30.74
TEST-02644,77.68
TEST-02645,52.63
TEST-02646,19.07
TEST-02647,55.66
TEST-02648,51.36
TEST-02649,6.19
TEST-02650,8.94
TEST-02651,3.93
TEST-02652,4.39
TEST-02653,17.06
TEST-02654,6.98
TEST-02655,43.34
TEST-02656,28.54
TEST-02657,9.61
TEST-02658,11.01
TEST-02659,81.83
TEST-02660,51.06
TEST-02661,3.09
TEST-02662,2.59
TEST-02663,48.17
TEST-02664,10.09
TEST-02665,21.42
TEST-02666,11.25
TEST-02667,41.81
TEST-02668,22.74
TEST-02669,4.69
TEST-02670,18.62
TEST-02671,14.54
TEST-02672,7.6
TEST-02673,28.53
TEST-02674,15.29
TEST-02675,33.72
TEST-02676,85.79
TEST-02677,4.73
TEST-02678,29.61
TEST-02679,17.96
TEST-02680,21.58
TEST-02681,11.93
TEST-02682,43.63
TEST-02683,71.89
TEST-02684,22.13
TEST-02685,65.43
TEST-02686,11.05
TEST-02687,23.16
TEST-02688,64.93
TEST-02689,27.19
TEST-02690,6.3
TEST-02691,27.05
TEST-02692,31.89
TEST-02693,33.06
TEST-02694,15.89
TEST-02695,20.95
TEST-02696,16.74
TEST-02697,52.72
TEST-02698,89.92
TEST-02699,7.52
TEST-02700,38.5
TEST-02701,15.5
TEST-02702,34.12
TEST-02703,35.44
TEST-02704,25.65
TEST-02705,45.09
TEST-02706,15.66
TEST-02707,19.18
TEST-02708,71.06
TEST-02709,38.66
TEST-02710,56.65
TEST-02711,48.41
TEST-02712,23.83
TEST-02713,48.25
TEST-02714,20.74
TEST-02715,44.02
TEST-02716,4.35
TEST-02717,6.29
TEST-02718,4.84
TEST-02719,55.69
TEST-02720,25.55
TEST-02721,44.64
TEST-02722,37.77
TEST-02723,41.09
TEST-02724,40.65
TEST-02725,7.28
TEST-02726,23.94
TEST-02727,18.52
TEST-02728,17.76
TEST-02729,37.23
TEST-02730,13.34
TEST-02731,4.88
TEST-02732,65.53
TEST-02733,7.14
TEST-02734,7.13
TEST-02735,2.38
TEST-02736,34.44
TEST-02737,3.18
TEST-02738,11.12
TEST-02739,66.24
TEST-02740,80.77
TEST-02741,62.46
TEST-02742,90.76
TEST-02743,74.27
TEST-02744,51.74
TEST-02745,9.02
TEST-02746,33.97
TEST-02747,12.48
TEST-02748,20.58
TEST-02749,48.93
TEST-02750,73.1
TEST-02751,4.52
TEST-02752,45.72
TEST-02753,8.26
TEST-02754,71.94
TEST-02755,19.75
TEST-02756,69.43
TEST-02757,24.75
TEST-02758,84.76
TEST-02759,26.5
TEST-02760,20.62
TEST-02761,14.59
TEST-02762,29.92
TEST-02763,81.25
TEST-02764,54.58
TEST-02765,63.47
TEST-02766,14.75
TEST-02767,20.62
TEST-02768,58.13
TEST-02769,28.37
TEST-02770,31.78
TEST-02771,85.19
TEST-02772,3.12
TEST-02773,86.56
TEST-02774,59.41
TEST-02775,101.6
TEST-02776,4.32
TEST-02777,65.78
TEST-02778,30.94
TEST-02779,38.29
TEST-02780,42.86
TEST-02781,15.6
TEST-02782,16.95
TEST-02783,10.73
TEST-02784,105.2
TEST-02785,105.31
TEST-02786,10.06
TEST-02787,2.15
TEST-02788,7.8
TEST-02789,30.76
TEST-02790,30.05
TEST-02791,12.25
TEST-02792,4.7
TEST-02793,10.57
TEST-02794,34.38
TEST-02795,23.3
TEST-02796,47.91
TEST-02797,41.34
TEST-02798,105.71
TEST-02799,59.15
TEST-02800,6.56
TEST-02801,46.97
TEST-02802,4.59
TEST-02803,41.44
TEST-02804,12.16
TEST-02805,86.8
TEST-02806,38.47
TEST-02807,65.26
TEST-02808,85.59
TEST-02809,89.09
TEST-02810,60.59
TEST-02811,49.17
TEST-02812,41.24
TEST-02813,25.56
TEST-02814,112.65
TEST-02815,21.93
TEST-02816,8.68
TEST-02817,53.7
TEST-02818,6.86
TEST-02819,24.63
TEST-02820,25.85
TEST-02821,7.96
TEST-02822,6.63
TEST-02823,7.73
TEST-02824,59.47
TEST-02825,35.59
TEST-02826,24.62
TEST-02827,33.01
TEST-02828,100.58
TEST-02829,24.8
TEST-02830,23.04
TEST-02831,33.01
TEST-02832,39.91
TEST-02833,13.48
TEST-02834,5.41
TEST-02835,33.97
TEST-02836,24.98
TEST-02837,40.33
TEST-02838,75.26
TEST-02839,14.28
TEST-02840,36.51
TEST-02841,92.43
TEST-02842,13.79
TEST-02843,45.63
TEST-02844,54.16
TEST-02845,10.31
TEST-02846,6.58
TEST-02847,51.8
TEST-02848,7.92
TEST-02849,12.59
TEST-02850,31.03
TEST-02851,57.55
TEST-02852,15.8
TEST-02853,10.68
TEST-02854,5.33
TEST-02855,10.01
TEST-02856,48.35
TEST-02857,32.33
TEST-02858,21.09
TEST-02859,15.98
TEST-02860,14.16
TEST-02861,24.88
TEST-02862,149.25
TEST-02863,22.37
TEST-02864,99.15
TEST-02865,30.28
TEST-02866,12.9
TEST-02867,13.77
TEST-02868,19.06
TEST-02869,114.14
TEST-02870,35.55
TEST-02871,41.95
TEST-02872,12.73
TEST-02873,43.23
TEST-02874,40.28
TEST-02875,16.43
TEST-02876,96.29
TEST-02877,37.06
TEST-02878,37.45
TEST-02879,27.43
TEST-02880,19.01
TEST-02881,80.41
TEST-02882,49.56
TEST-02883,35.42
TEST-02884,20.31
TEST-02885,12.29
TEST-02886,40.32
TEST-02887,39.24
TEST-02888,10.23
TEST-02889,41.78
TEST-02890,35.81
TEST-02891,38.93
TEST-02892,4.31
TEST-02893,43.62
TEST-02894,49.88
TEST-02895,14.08
TEST-02896,41.48
TEST-02897,20.68
TEST-02898,4.34
TEST-02899,41.61
TEST-02900,23.88
TEST-02901,32.51
TEST-02902,3.79
TEST-02903,51.69
TEST-02904,53.36
TEST-02905,43.43
TEST-02906,34.47
TEST-02907,3.17
TEST-02908,4.67
TEST-02909,4.83
TEST-02910,16.27
TEST-02911,10.17
TEST-02912,44.95
TEST-02913,68.34
TEST-02914,84.91
TEST-02915,96.28
TEST-02916,11.42
TEST-02917,36.16
TEST-02918,47.27
TEST-02919,6.46
TEST-02920,45.6
TEST-02921,11.97
TEST-02922,36.29
TEST-02923,11.36
TEST-02924,66.93
TEST-02925,49.28
TEST-02926,15.09
TEST-02927,2.4
TEST-02928,54.88
TEST-02929,26.13
TEST-02930,85.67
TEST-02931,32.85
TEST-02932,9.11
TEST-02933,39.32
TEST-02934,13.6
TEST-02935,4.37
TEST-02936,7.21
TEST-02937,3.21
TEST-02938,101.37
TEST-02939,52.51
TEST-02940,39.23
TEST-02941,38.08
TEST-02942,23.13
TEST-02943,9.6
TEST-02944,8.15
TEST-02945,16.76
TEST-02946,116.72
TEST-02947,28.71
TEST-02948,168.33
TEST-02949,57.08
TEST-02950,45.7
TEST-02951,27.69
TEST-02952,52.41
TEST-02953,30.15
TEST-02954,18.46
TEST-02955,33.96
TEST-02956,77.38
TEST-02957,6.06
TEST-02958,21.42
TEST-02959,44.78
TEST-02960,80.03
TEST-02961,1.28
TEST-02962,6.7
TEST-02963,45.43
TEST-02964,5.13
TEST-02965,26.54
TEST-02966,60.55
TEST-02967,5.91
TEST-02968,45.18
TEST-02969,14.17
TEST-02970,35.53
TEST-02971,47.46
TEST-02972,15.52
TEST-02973,37.64
TEST-02974,105.74
TEST-02975,40.65
TEST-02976,53.88
TEST-02977,59.5
TEST-02978,26.21
TEST-02979,23.36
TEST-02980,44.07
TEST-02981,15.24
TEST-02982,17.43
TEST-02983,26.39
TEST-02984,36.57
TEST-02985,54.56
TEST-02986,26.68
TEST-02987,47.97
TEST-02988,20.59
TEST-02989,43.7
TEST-02990,20.38
TEST-02991,54.37
TEST-02992,66.71
TEST-02993,89.47
TEST-02994,62.17
TEST-02995,24.12
TEST-02996,11.0
TEST-02997,50.71
TEST-02998,51.28
TEST-02999,19.92
TEST-03000,39.51
TEST-03001,89.95
TEST-03002,4.62
TEST-03003,6.54
TEST-03004,47.64
TEST-03005,62.64
TEST-03006,4.67
TEST-03007,7.51
TEST-03008,56.86
TEST-03009,26.61
TEST-03010,42.33
TEST-03011,79.77
TEST-03012,16.05
TEST-03013,6.14
TEST-03014,27.38
TEST-03015,10.51
TEST-03016,106.86
TEST-03017,20.6
TEST-03018,5.82
TEST-03019,39.83
TEST-03020,3.73
TEST-03021,43.15
TEST-03022,4.96
TEST-03023,41.57
TEST-03024,11.97
TEST-03025,46.53
TEST-03026,70.75
TEST-03027,129.07
TEST-03028,5.63
TEST-03029,42.49
TEST-03030,31.5
TEST-03031,65.53
TEST-03032,74.77
TEST-03033,93.63
TEST-03034,2.75
TEST-03035,34.1
TEST-03036,77.88
TEST-03037,17.78
TEST-03038,35.43
TEST-03039,51.37
TEST-03040,28.41
TEST-03041,49.03
TEST-03042,21.15
TEST-03043,22.52
TEST-03044,49.92
TEST-03045,26.78
TEST-03046,4.78
TEST-03047,15.52
TEST-03048,77.37
TEST-03049,6.57
TEST-03050,36.66
TEST-03051,98.86
TEST-03052,107.32
TEST-03053,13.65
TEST-03054,38.52
TEST-03055,4.73
TEST-03056,43.58
TEST-03057,9.73
TEST-03058,3.98
TEST-03059,60.24
TEST-03060,75.99
TEST-03061,7.78
TEST-03062,13.78
TEST-03063,125.87
TEST-03064,4.95
TEST-03065,60.58
TEST-03066,18.1
TEST-03067,39.49
TEST-03068,5.0
TEST-03069,11.93
TEST-03070,3.91
TEST-03071,5.5
TEST-03072,8.37
TEST-03073,43.0
TEST-03074,48.48
TEST-03075,156.37
TEST-03076,7.6
TEST-03077,29.09
TEST-03078,48.46
TEST-03079,18.12
TEST-03080,26.61
TEST-03081,56.92
TEST-03082,15.65
TEST-03083,7.08
TEST-03084,54.77
TEST-03085,37.76
TEST-03086,63.3
TEST-03087,45.44
TEST-03088,4.84
TEST-03089,45.03
TEST-03090,44.52
TEST-03091,29.28
TEST-03092,7.75
TEST-03093,8.52
TEST-03094,12.25
TEST-03095,3.92
TEST-03096,4.77
TEST-03097,60.75
TEST-03098,45.1
TEST-03099,48.3
TEST-03100,84.99
TEST-03101,29.43
TEST-03102,2.73
TEST-03103,19.0
TEST-03104,9.64
TEST-03105,39.36
TEST-03106,42.9
TEST-03107,2.94
TEST-03108,5.9
TEST-03109,1.76
TEST-03110,32.68
TEST-03111,40.9
TEST-03112,3.36
TEST-03113,5.16
TEST-03114,45.37
TEST-03115,25.03
TEST-03116,35.27
TEST-03117,45.37
TEST-03118,3.47
TEST-03119,41.73
TEST-03120,30.6
TEST-03121,46.65
TEST-03122,102.98
TEST-03123,9.65
TEST-03124,16.92
TEST-03125,41.53
TEST-03126,25.88
TEST-03127,7.42
TEST-03128,46.67
TEST-03129,92.75
TEST-03130,5.24
TEST-03131,111.51
TEST-03132,11.27
TEST-03133,43.64
TEST-03134,30.4
TEST-03135,94.05
TEST-03136,34.25
TEST-03137,99.91
TEST-03138,22.46
TEST-03139,105.71
TEST-03140,18.58
TEST-03141,5.33
TEST-03142,26.13
TEST-03143,12.39
TEST-03144,6.41
TEST-03145,32.91
TEST-03146,40.69
TEST-03147,121.02
TEST-03148,11.95
TEST-03149,36.84
TEST-03150,9.09
TEST-03151,4.03
TEST-03152,42.7
TEST-03153,81.21
TEST-03154,4.28
TEST-03155,19.97
TEST-03156,9.0
TEST-03157,36.82
TEST-03158,61.31
TEST-03159,139.19
TEST-03160,56.95
TEST-03161,12.54
TEST-03162,66.48
TEST-03163,4.84
TEST-03164,59.73
TEST-03165,93.14
TEST-03166,4.86
TEST-03167,7.51
TEST-03168,67.79
TEST-03169,67.6
TEST-03170,34.13
TEST-03171,21.54
TEST-03172,46.56
TEST-03173,22.46
TEST-03174,23.23
TEST-03175,36.13
TEST-03176,5.64
TEST-03177,11.1
TEST-03178,41.3
TEST-03179,20.93
TEST-03180,69.14
TEST-03181,54.88
TEST-03182,5.35
TEST-03183,59.13
TEST-03184,51.75
TEST-03185,1.98
TEST-03186,4.11
TEST-03187,35.84
TEST-03188,62.75
TEST-03189,32.15
TEST-03190,40.91
TEST-03191,32.35
TEST-03192,56.93
TEST-03193,39.49
TEST-03194,65.83
TEST-03195,48.18
TEST-03196,22.39
TEST-03197,53.97
TEST-03198,25.26
TEST-03199,49.23
TEST-03200,68.35
TEST-03201,38.03
TEST-03202,23.03
TEST-03203,30.35
TEST-03204,5.7
TEST-03205,12.65
TEST-03206,1.57
TEST-03207,110.27
TEST-03208,19.03
TEST-03209,94.6
TEST-03210,35.24
TEST-03211,13.32
TEST-03212,45.28
TEST-03213,39.86
TEST-03214,69.3
TEST-03215,20.05
TEST-03216,3.87
TEST-03217,36.09
TEST-03218,35.01
TEST-03219,25.92
TEST-03220,7.46
TEST-03221,4.86
TEST-03222,39.11
TEST-03223,37.11
TEST-03224,49.42
TEST-03225,78.02
TEST-03226,54.97
TEST-03227,6.21
TEST-03228,5.13
TEST-03229,38.15
TEST-03230,15.53
TEST-03231,51.6
TEST-03232,33.42
TEST-03233,22.86
TEST-03234,20.28
TEST-03235,37.07
TEST-03236,35.4
TEST-03237,27.1
TEST-03238,13.59
TEST-03239,39.59
TEST-03240,17.73
TEST-03241,41.36
TEST-03242,5.11
TEST-03243,12.62
TEST-03244,47.04
TEST-03245,12.49
TEST-03246,37.16
TEST-03247,15.71
TEST-03248,4.89
TEST-03249,8.03
TEST-03250,20.8
TEST-03251,11.68
TEST-03252,7.53
TEST-03253,54.41
TEST-03254,16.57
TEST-03255,48.23
TEST-03256,8.57
TEST-03257,56.56
TEST-03258,7.38
TEST-03259,21.65
TEST-03260,55.37
TEST-03261,31.31
TEST-03262,16.46
TEST-03263,53.12
TEST-03264,21.08
TEST-03265,18.34
TEST-03266,26.55
TEST-03267,48.03
TEST-03268,56.38
TEST-03269,20.17
TEST-03270,22.74
TEST-03271,124.57
TEST-03272,19.94
TEST-03273,36.5
TEST-03274,41.81
TEST-03275,47.36
TEST-03276,4.61
TEST-03277,39.66
TEST-03278,24.19
TEST-03279,32.8
TEST-03280,18.6
TEST-03281,60.69
TEST-03282,49.73
TEST-03283,91.09
TEST-03284,42.54
TEST-03285,51.98
TEST-03286,108.65
TEST-03287,38.77
TEST-03288,44.89
TEST-03289,33.98
TEST-03290,19.12
TEST-03291,50.39
TEST-03292,37.52
TEST-03293,74.52
TEST-03294,4.77
TEST-03295,56.24
TEST-03296,83.26
TEST-03297,46.04
TEST-03298,35.87
TEST-03299,7.27
TEST-03300,40.51
TEST-03301,28.99
TEST-03302,42.39
TEST-03303,26.47
TEST-03304,1.03
TEST-03305,18.56
TEST-03306,6.73
TEST-03307,52.64
TEST-03308,26.97
TEST-03309,41.88
TEST-03310,40.36
TEST-03311,92.49
TEST-03312,4.72
TEST-03313,17.23
TEST-03314,58.49
TEST-03315,27.53
TEST-03316,54.01
TEST-03317,4.61
TEST-03318,59.43
TEST-03319,24.21
TEST-03320,39.46
TEST-03321,21.53
TEST-03322,36.75
TEST-03323,47.77
TEST-03324,68.89
TEST-03325,33.03
TEST-03326,23.77
TEST-03327,33.4
TEST-03328,54.04
TEST-03329,45.52
TEST-03330,19.69
TEST-03331,52.09
TEST-03332,21.96
TEST-03333,17.91
TEST-03334,26.61
TEST-03335,16.27
TEST-03336,113.87
TEST-03337,9.86
TEST-03338,23.51
TEST-03339,76.31
TEST-03340,20.7
TEST-03341,12.82
TEST-03342,8.33
TEST-03343,34.16
TEST-03344,5.31
TEST-03345,44.3
TEST-03346,34.07
TEST-03347,39.83
TEST-03348,45.52
TEST-03349,57.67
TEST-03350,45.25
TEST-03351,41.74
TEST-03352,65.07
TEST-03353,32.37
TEST-03354,3.24
TEST-03355,100.56
TEST-03356,53.18
TEST-03357,62.87
TEST-03358,15.85
TEST-03359,54.18
TEST-03360,11.19
TEST-03361,59.59
TEST-03362,116.52
TEST-03363,39.22
TEST-03364,21.63
TEST-03365,9.51
TEST-03366,35.97
TEST-03367,68.56
TEST-03368,4.08
TEST-03369,8.03
TEST-03370,23.62
TEST-03371,35.52
TEST-03372,21.43
TEST-03373,21.37
TEST-03374,5.38
TEST-03375,84.95
TEST-03376,104.39
TEST-03377,10.0
TEST-03378,17.36
TEST-03379,32.4
TEST-03380,9.15
TEST-03381,102.7
TEST-03382,4.77
TEST-03383,58.26
TEST-03384,5.99
TEST-03385,37.91
TEST-03386,46.89
TEST-03387,45.99
TEST-03388,52.26
TEST-03389,72.5
TEST-03390,18.02
TEST-03391,5.64
TEST-03392,5.0
TEST-03393,20.62
TEST-03394,46.45
TEST-03395,5.54
TEST-03396,58.2
TEST-03397,54.49
TEST-03398,11.01
TEST-03399,85.51
TEST-03400,17.25
TEST-03401,44.68
TEST-03402,6.01
TEST-03403,5.06
TEST-03404,4.46
TEST-03405,4.47
TEST-03406,59.09
TEST-03407,63.21
TEST-03408,2.33
TEST-03409,77.64
TEST-03410,129.01
TEST-03411,8.54
TEST-03412,6.28
TEST-03413,8.1
TEST-03414,36.33
TEST-03415,9.41
TEST-03416,8.28
TEST-03417,28.21
TEST-03418,106.62
TEST-03419,19.29
TEST-03420,55.04
TEST-03421,36.51
TEST-03422,8.51
TEST-03423,51.86
TEST-03424,31.21
TEST-03425,36.81
TEST-03426,115.98
TEST-03427,5.09
TEST-03428,35.16
TEST-03429,63.31
TEST-03430,5.09
TEST-03431,14.44
TEST-03432,33.69
TEST-03433,81.59
TEST-03434,24.72
TEST-03435,52.4
TEST-03436,22.49
TEST-03437,11.64
TEST-03438,71.39
TEST-03439,18.65
TEST-03440,37.47
TEST-03441,42.97
TEST-03442,88.6
TEST-03443,10.39
TEST-03444,80.24
TEST-03445,4.37
TEST-03446,44.45
TEST-03447,25.87
TEST-03448,11.75
TEST-03449,46.21
TEST-03450,44.87
TEST-03451,23.19
TEST-03452,31.64
TEST-03453,10.84
TEST-03454,44.26
TEST-03455,30.66
TEST-03456,21.12
TEST-03457,21.55
TEST-03458,86.34
TEST-03459,10.6
TEST-03460,41.29
TEST-03461,72.92
TEST-03462,46.47
TEST-03463,52.79
TEST-03464,49.93
TEST-03465,32.03
TEST-03466,8.86
TEST-03467,38.46
TEST-03468,6.94
TEST-03469,66.05
TEST-03470,59.15
TEST-03471,6.8
TEST-03472,75.16
TEST-03473,52.76
TEST-03474,28.9
TEST-03475,41.24
TEST-03476,51.29
TEST-03477,51.1
TEST-03478,5.78
TEST-03479,137.26
TEST-03480,66.64
TEST-03481,65.75
TEST-03482,93.86
TEST-03483,9.7
TEST-03484,22.13
TEST-03485,97.84
TEST-03486,44.68
TEST-03487,6.74
TEST-03488,79.18
TEST-03489,46.13
TEST-03490,43.94
TEST-03491,65.44
TEST-03492,10.81
TEST-03493,39.57
TEST-03494,34.78
TEST-03495,34.44
TEST-03496,54.82
TEST-03497,30.61
TEST-03498,51.12
TEST-03499,53.18
TEST-03500,5.35
TEST-03501,15.28
TEST-03502,38.35
TEST-03503,20.1
TEST-03504,54.37
TEST-03505,33.14
TEST-03506,4.27
TEST-03507,20.43
TEST-03508,53.41
TEST-03509,89.93
TEST-03510,73.08
TEST-03511,27.43
TEST-03512,13.48
TEST-03513,38.75
TEST-03514,8.54
TEST-03515,6.29
TEST-03516,12.22
TEST-03517,90.51
TEST-03518,31.92
TEST-03519,8.81
TEST-03520,38.02
TEST-03521,53.28
TEST-03522,44.87
TEST-03523,7.86
TEST-03524,26.94
TEST-03525,38.88
TEST-03526,26.94
TEST-03527,19.57
TEST-03528,4.82
TEST-03529,54.92
TEST-03530,68.55
TEST-03531,18.6
TEST-03532,37.04
TEST-03533,98.76
TEST-03534,108.39
TEST-03535,52.43
TEST-03536,102.84
TEST-03537,21.55
TEST-03538,12.42
TEST-03539,38.78
TEST-03540,56.36
TEST-03541,36.58
TEST-03542,73.56
TEST-03543,25.38
TEST-03544,2.35
TEST-03545,20.17
TEST-03546,36.11
TEST-03547,37.37
TEST-03548,33.58
TEST-03549,60.69
TEST-03550,38.26
TEST-03551,70.56
TEST-03552,39.15
TEST-03553,6.2
TEST-03554,36.4
TEST-03555,21.18
TEST-03556,47.44
TEST-03557,51.83
TEST-03558,29.63
TEST-03559,50.01
TEST-03560,7.78
TEST-03561,28.57
TEST-03562,16.83
TEST-03563,103.99
TEST-03564,23.31
TEST-03565,1.72
TEST-03566,25.71
TEST-03567,22.53
TEST-03568,36.84
TEST-03569,4.76
TEST-03570,5.21
TEST-03571,54.31
TEST-03572,21.55
TEST-03573,4.68
TEST-03574,63.0
TEST-03575,67.26
TEST-03576,5.03
TEST-03577,48.52
TEST-03578,48.17
TEST-03579,12.91
TEST-03580,32.2
TEST-03581,26.95
TEST-03582,54.91
TEST-03583,21.37
TEST-03584,53.27
TEST-03585,8.78
TEST-03586,22.4
TEST-03587,60.16
TEST-03588,2.23
TEST-03589,12.99
TEST-03590,45.26
TEST-03591,49.21
TEST-03592,18.99
TEST-03593,27.09
TEST-03594,22.63
TEST-03595,13.49
TEST-03596,23.38
TEST-03597,3.56
TEST-03598,6.54
TEST-03599,16.94
TEST-03600,46.33
TEST-03601,1.63
TEST-03602,10.15
TEST-03603,4.13
TEST-03604,25.38
TEST-03605,57.86
TEST-03606,9.44
TEST-03607,35.05
TEST-03608,5.42
TEST-03609,51.15
TEST-03610,87.94
TEST-03611,21.98
TEST-03612,39.19
TEST-03613,30.87
TEST-03614,42.47
TEST-03615,29.1
TEST-03616,22.73
TEST-03617,25.69
TEST-03618,5.45
TEST-03619,28.1
TEST-03620,87.85
TEST-03621,27.18
TEST-03622,5.42
TEST-03623,24.68
TEST-03624,9.95
TEST-03625,64.49
TEST-03626,29.98
TEST-03627,2.11
TEST-03628,1.73
TEST-03629,43.53
TEST-03630,38.32
TEST-03631,62.09
TEST-03632,6.91
TEST-03633,43.2
TEST-03634,22.83
TEST-03635,8.8
TEST-03636,5.93
TEST-03637,8.85
TEST-03638,24.47
TEST-03639,13.07
TEST-03640,15.37
TEST-03641,39.09
TEST-03642,4.16
TEST-03643,41.41
TEST-03644,16.3
TEST-03645,10.45
TEST-03646,19.42
TEST-03647,10.14
TEST-03648,56.97
TEST-03649,31.87
TEST-03650,35.65
TEST-03651,91.82
TEST-03652,24.81
TEST-03653,7.72
TEST-03654,56.27
TEST-03655,38.85
TEST-03656,11.25
TEST-03657,18.43
TEST-03658,19.98
TEST-03659,33.07
TEST-03660,57.6
TEST-03661,24.9
TEST-03662,33.51
TEST-03663,61.51
TEST-03664,32.89
TEST-03665,45.12
TEST-03666,19.1
TEST-03667,56.42
TEST-03668,9.57
TEST-03669,3.08
TEST-03670,64.73
TEST-03671,40.98
TEST-03672,48.55
TEST-03673,34.54
TEST-03674,7.54
TEST-03675,51.94
TEST-03676,5.42
TEST-03677,44.94
TEST-03678,26.15
TEST-03679,56.19
TEST-03680,8.68
TEST-03681,48.4
TEST-03682,38.2
TEST-03683,41.5
TEST-03684,28.18
TEST-03685,25.43
TEST-03686,51.16
TEST-03687,72.5
TEST-03688,36.83
TEST-03689,46.06
TEST-03690,29.86
TEST-03691,101.55
TEST-03692,21.19
TEST-03693,102.94
TEST-03694,6.0
TEST-03695,37.43
TEST-03696,17.03
TEST-03697,51.88
TEST-03698,37.16
TEST-03699,5.38
TEST-03700,91.91
TEST-03701,33.98
TEST-03702,10.47
TEST-03703,25.05
TEST-03704,2.06
TEST-03705,13.99
TEST-03706,37.73
TEST-03707,16.95
TEST-03708,53.82
TEST-03709,53.65
TEST-03710,8.17
TEST-03711,37.31
TEST-03712,6.0
TEST-03713,36.78
TEST-03714,74.64
TEST-03715,46.78
TEST-03716,51.0
TEST-03717,48.86
TEST-03718,50.53
TEST-03719,55.6
TEST-03720,24.13
TEST-03721,21.32
TEST-03722,23.19
TEST-03723,49.54
TEST-03724,21.43
TEST-03725,15.64
TEST-03726,60.13
TEST-03727,1.97
TEST-03728,19.17
TEST-03729,37.42
TEST-03730,4.83
TEST-03731,16.38
TEST-03732,68.28
TEST-03733,86.76
TEST-03734,6.9
TEST-03735,57.53
TEST-03736,15.93
TEST-03737,3.07
TEST-03738,73.03
TEST-03739,51.12
TEST-03740,65.22
TEST-03741,52.35
TEST-03742,50.0
TEST-03743,78.26
TEST-03744,53.45
TEST-03745,46.31
TEST-03746,37.7
TEST-03747,39.34
TEST-03748,28.13
TEST-03749,15.68
TEST-03750,2.89
TEST-03751,13.49
TEST-03752,38.94
TEST-03753,11.05
TEST-03754,15.4
TEST-03755,18.33
TEST-03756,63.44
TEST-03757,16.23
TEST-03758,6.05
TEST-03759,94.98
TEST-03760,26.87
TEST-03761,11.06
TEST-03762,40.76
TEST-03763,61.53
TEST-03764,21.5
TEST-03765,62.95
TEST-03766,10.92
TEST-03767,49.42
TEST-03768,69.04
TEST-03769,25.66
TEST-03770,50.74
TEST-03771,31.6
TEST-03772,42.6
TEST-03773,33.63
TEST-03774,25.67
TEST-03775,34.64
TEST-03776,15.83
TEST-03777,44.74
TEST-03778,5.33
TEST-03779,36.47
TEST-03780,38.45
TEST-03781,21.88
TEST-03782,40.9
TEST-03783,91.92
TEST-03784,3.29
TEST-03785,14.45
TEST-03786,6.51
TEST-03787,1.21
TEST-03788,50.72
TEST-03789,22.71
TEST-03790,40.73
TEST-03791,6.11
TEST-03792,64.6
TEST-03793,18.29
TEST-03794,5.44
TEST-03795,5.92
TEST-03796,29.59
TEST-03797,17.86
TEST-03798,38.81
TEST-03799,77.18
TEST-03800,20.04
TEST-03801,36.88
TEST-03802,58.57
TEST-03803,41.21
TEST-03804,52.61
TEST-03805,44.71
TEST-03806,4.32
TEST-03807,47.36
TEST-03808,2.65
TEST-03809,34.55
TEST-03810,41.14
TEST-03811,58.15
TEST-03812,2.42
TEST-03813,47.84
TEST-03814,3.58
TEST-03815,41.9
TEST-03816,94.62
TEST-03817,15.77
TEST-03818,8.02
TEST-03819,19.78
TEST-03820,22.71
TEST-03821,4.32
TEST-03822,52.71
TEST-03823,18.01
TEST-03824,34.2
TEST-03825,52.81
TEST-03826,8.34
TEST-03827,50.26
TEST-03828,40.48
TEST-03829,45.46
TEST-03830,11.8
TEST-03831,23.84
TEST-03832,49.93
TEST-03833,60.37
TEST-03834,4.32
TEST-03835,5.98
TEST-03836,54.44
TEST-03837,30.09
TEST-03838,50.07
TEST-03839,64.5
TEST-03840,22.55
TEST-03841,4.65
TEST-03842,5.14
TEST-03843,22.57
TEST-03844,41.79
TEST-03845,23.64
TEST-03846,10.68
TEST-03847,52.14
TEST-03848,38.27
TEST-03849,37.77
TEST-03850,6.39
TEST-03851,12.46
TEST-03852,18.15
TEST-03853,4.87
TEST-03854,5.0
TEST-03855,6.21
TEST-03856,63.87
TEST-03857,61.53
TEST-03858,44.68
TEST-03859,36.01
TEST-03860,36.54
TEST-03861,13.1
TEST-03862,3.81
TEST-03863,44.52
TEST-03864,26.3
TEST-03865,37.1
TEST-03866,37.78
TEST-03867,5.7
TEST-03868,10.47
TEST-03869,32.4
TEST-03870,28.11
TEST-03871,52.07
TEST-03872,12.15
TEST-03873,21.31
TEST-03874,9.93
TEST-03875,35.05
TEST-03876,61.42
TEST-03877,4.95
TEST-03878,30.6
TEST-03879,24.41
TEST-03880,47.13
TEST-03881,40.79
TEST-03882,11.58
TEST-03883,24.88
TEST-03884,102.14
TEST-03885,70.59
TEST-03886,8.81
TEST-03887,19.68
TEST-03888,19.1
TEST-03889,34.05
TEST-03890,11.07
TEST-03891,43.32
TEST-03892,11.87
TEST-03893,5.97
TEST-03894,44.51
TEST-03895,65.21
TEST-03896,47.49
TEST-03897,60.69
TEST-03898,73.28
TEST-03899,35.82
TEST-03900,39.52
TEST-03901,46.25
TEST-03902,46.84
TEST-03903,97.92
TEST-03904,73.59
TEST-03905,147.41
TEST-03906,23.79
TEST-03907,8.77
TEST-03908,35.4
TEST-03909,6.67
TEST-03910,13.3
TEST-03911,6.39
TEST-03912,9.83
TEST-03913,5.2
TEST-03914,49.62
TEST-03915,90.11
TEST-03916,8.89
TEST-03917,59.21
TEST-03918,56.42
TEST-03919,16.33
TEST-03920,12.77
TEST-03921,33.15
TEST-03922,14.71
TEST-03923,4.08
TEST-03924,19.02
TEST-03925,47.84
TEST-03926,61.54
TEST-03927,35.44
TEST-03928,21.53
TEST-03929,95.04
TEST-03930,37.5
TEST-03931,26.37
TEST-03932,76.79
TEST-03933,12.7
TEST-03934,62.76
TEST-03935,1.21
TEST-03936,63.5
TEST-03937,14.57
TEST-03938,2.46
TEST-03939,37.77
TEST-03940,25.71
TEST-03941,33.53
TEST-03942,39.33
TEST-03943,12.73
TEST-03944,31.03
TEST-03945,7.84
TEST-03946,48.13
TEST-03947,21.36
TEST-03948,5.95
TEST-03949,24.11
TEST-03950,78.18
TEST-03951,6.4
TEST-03952,5.24
TEST-03953,9.25
TEST-03954,2.2
TEST-03955,11.97
TEST-03956,36.22
TEST-03957,74.54
TEST-03958,48.24
TEST-03959,6.04
TEST-03960,62.92
TEST-03961,4.04
TEST-03962,1.56
TEST-03963,4.18
TEST-03964,6.25
TEST-03965,5.57
TEST-03966,71.12
TEST-03967,16.65
TEST-03968,13.1
TEST-03969,77.3
TEST-03970,34.39
TEST-03971,71.34
TEST-03972,44.62
TEST-03973,36.02
TEST-03974,52.64
TEST-03975,34.78
TEST-03976,32.89
TEST-03977,31.91
TEST-03978,5.63
TEST-03979,47.32
TEST-03980,113.12
TEST-03981,71.25
TEST-03982,7.69
TEST-03983,20.6
TEST-03984,67.24
TEST-03985,4.56
TEST-03986,51.82
TEST-03987,44.35
TEST-03988,25.42
TEST-03989,49.18
TEST-03990,41.61
TEST-03991,79.21
TEST-03992,81.04
TEST-03993,14.65
TEST-03994,49.96
TEST-03995,55.09
TEST-03996,33.36
TEST-03997,25.82
TEST-03998,54.1
TEST-03999,106.28
TEST-04000,28.14
TEST-04001,40.78
TEST-04002,64.05
TEST-04003,41.88
TEST-04004,4.13
TEST-04005,8.2
TEST-04006,109.87
TEST-04007,20.67
TEST-04008,34.43
TEST-04009,6.88
TEST-04010,22.14
TEST-04011,35.52
TEST-04012,28.58
TEST-04013,40.79
TEST-04014,29.23
TEST-04015,122.02
TEST-04016,51.34
TEST-04017,47.6
TEST-04018,73.99
TEST-04019,9.1
TEST-04020,30.08
TEST-04021,39.44
TEST-04022,45.31
TEST-04023,30.14
TEST-04024,20.96
TEST-04025,16.36
TEST-04026,69.87
TEST-04027,46.94
TEST-04028,14.44
TEST-04029,16.84
TEST-04030,11.22
TEST-04031,65.03
TEST-04032,38.25
